InChIKey,Chemical Name,PubChem CID
DNWUYCUUEGGVPR-CLTKARDFSA-N,"(Z)-9,12,13-trihydroxy-15-octadecenoic acid",24066906
HNICUWMFWZBIFP-KDFHGORWSA-N,"(9E,11E)-13-hydroxyoctadeca-9,11-dienoic acid",5282948
YGJTUEISKATQSM-UHFFFAOYSA-N,"15-Oxoicosa-5,8,11,13-tetraenoic acid",1443
IFRKCNPQVIJFAQ-UHFFFAOYSA-N,"4-Hydroxydocosa-5,7,10,13,16,19-hexaenoic acid",53394255
BKAJNAXTPSGJCU-UHFFFAOYSA-N,4-Methyl-2-oxopentanoic acid,70
KGIJOOYOSFUGPC-UHFFFAOYSA-N,5-Hete,1771
NNPWRKSGORGTIM-HCCKYKKOSA-N,"8S,15S-dihydroxy-5Z,9E,11Z,13E-eicosatetraenoic acid",5283183
YDSCLGYBUIDZNF-UHFFFAOYSA-N,1-Hexadecyl-2-arachidonoylthio-2-deoxyglycero-3-phosphorylcholine,53394300
FUJLYHJROOYKRA-QGZVFWFLSA-N,(3R)-3-(1-oxododecoxy)-4-(trimethylammonio)butanoate,168381
MDDWQHVKSHTZTD-UHFFFAOYSA-N,C15 Carnitine,123132011
XOMRRQXKHMYMOC-OAQYLSRUSA-N,"3-carboxy-N,N,N-trimethyl-2-[(1-oxohexadecyl)oxy]-1-Propanaminium",11953816
JFAGPSOZZSTLRF-UHFFFAOYSA-N,3-(1-oxohexadec-9-enoxy)-4-(trimethylammonio)butanoate,78076330
DWSFAVOTORHAAL-UHFFFAOYSA-N,Heptadecanoyl carnitine,53477803
HZMKCRJXXVHZKT-UHFFFAOYSA-N,,
FNPHNLNTJNMAEE-HSZRJFAPSA-N,Stearoylcarnitine,52922056
HITOYGLMAFIRNI-YSESTWPTSA-N,(4S)-4-[(11E)-octadec-11-enoyloxy]-4-(trimethylazaniumyl)butanoate,53477830
MJLXQSQYKZWZCB-DQFWFXSYSA-N,O-linoleyl-L-carnitine,6450015
PVOQPLSKYNZHOT-SEYXRHQNSA-N,(11Z)-eicoseneoylcarnitine,71464507
OLZWDVKTOGTVLC-UHFFFAOYSA-N,,
VPEBWBVNBKLXSR-UHFFFAOYSA-N,,
USUPQTJPNBGUSJ-UHFFFAOYSA-N,,
MJPIXACTUMSGGI-UHFFFAOYSA-N,,
WLLMYDQRCSWAST-UHFFFAOYSA-N,,
ZWAUSWHRQBSECP-UHFFFAOYSA-N,"N-(1,3-dihydroxyoctadecan-2-yl)eicosanamide",5239143
RYZWCKUTHDRXFD-UHFFFAOYSA-N,,
RWONAHGWHDKVBG-UHFFFAOYSA-N,"N-(1,3-dihydroxydocosan-2-yl)hexacosanamide",132994873
NCKNBDIYAHEWMH-UHFFFAOYSA-N,"N-(1,3-dihydroxytetradec-4-en-2-yl)octadecanamide",73814455
DLTXHYMYPKOZOA-UHFFFAOYSA-N,"N-(1,3-dihydroxytetradec-4-en-2-yl)icosanamide",85396172
GNLMEYWBBYJRAK-UHFFFAOYSA-N,,
MUFDRQVIUBTJRW-UHFFFAOYSA-N,,
KPCAYUOVDNIJGR-UHFFFAOYSA-N,,
NSBGFVGWFKORGC-UHFFFAOYSA-N,,
HXQCQMPSJSSRPW-UHFFFAOYSA-N,,
METNUMDFDOKGMW-UHFFFAOYSA-N,,
GXTRSPPHWHQFMZ-NPNMLZSOSA-N,"(13Z,16Z,19Z,22Z,25Z,28Z,31Z,34Z,37Z)-N-[(4E,8E)-1,3-dihydroxyoctadeca-4,8-dien-2-yl]tetraconta-13,16,19,22,25,28,31,34,37-nonaenamide",164267617
MVOBRROQXQEAKP-UHFFFAOYSA-N,,
BCSGFNUBPYCZEJ-UHFFFAOYSA-N,,
ZKRPGPZHULJLKJ-JHRQRACZSA-N,N-(Tetradecanoyl)-sphing-4-enine,5282310
QBFXCLDNTKBAPQ-STSAHMJASA-N,N-(heptadecanoyl)-hexdecasphing-4-enine,52931112
GCGTXOVNNFGTPQ-JHOUSYSJSA-N,N-(hexadecanoyl)-sphinganine,5283572
YDNKGFDKKRUKPY-TURZORIXSA-N,N-Palmitoylsphingosine,5283564
XXWRZIYYFPIQHE-UHFFFAOYSA-N,"N-(1,3-dihydroxyoctadeca-4,14-dien-2-yl)hexadecanamide",75963948
KGEXFGDEDXQZLQ-QKSCFGQVSA-N,"N-[(E,2S,3R)-1,3-dihydroxyheptadec-4-en-2-yl]octadecanamide",9985066
MJQIARGPQMNBGT-WWUCIAQXSA-N,N-(9Z-octadecenoyl)-sphinganine,6442676
WNPWDGNHTKGEDS-UHFFFAOYSA-N,"N-(1,3-dihydroxyoctadeca-4,8-dien-2-yl)octadecanamide",25201955
CZKJGFHQZINDHS-RQDJVNCUSA-N,N-(eicosanoyl)-4E-heptadecasphingenine,134725797
XWBWIAOWSABHFI-NUKVNZTCSA-N,N-icosanoylsphingosine,5283566
NBSDZPNNDCXPFZ-UHFFFAOYSA-N,"N-(1,3-dihydroxyoctadeca-4,8-dien-2-yl)icosanamide",132994556
WYSRACVJQVNCRW-PQPBPFPMSA-N,N-(tricosanoyl)-hexadecasphing-4-enine,11273482
ZYPUFXIUMBJDCM-VNFREKOVSA-N,"(Z)-N-[(E)-1,3-dihydroxypentadec-4-en-2-yl]tetracos-11-enamide",138318579
KEPQASGDXIEOIL-GLQCRSEXSA-N,N-docosanoylsphingosine,5283567
HILTUFAERVOALR-MQXYEJFFSA-N,"N-(docosanoyl)-4E,14Z-sphingadienine",52931123
NAJHAHQNQCNWOP-PUYNVXOJSA-N,N-(tricosanoyl)-sphing-4-enine,52931115
KZTBXGOBTULOIO-SZHIUZGGSA-N,"(Z)-N-[(E)-1,3-dihydroxyheptadec-4-en-2-yl]tetracos-11-enamide",138199486
VJSBNBBOSZJDKB-KPEYJIHVSA-N,"(Z)-N-[(E,2S,3R)-1,3-dihydroxyoctadec-4-en-2-yl]-15-tetracosenamide",5283568
KADBCXSPXAVXJL-UHFFFAOYSA-N,"N-(1,3-dihydroxyoctadeca-4,8-dien-2-yl)tetracos-11-enamide",163141710
CZDSGZAXVMEXFM-NJLCVJHMSA-N,N-(octacosanoyl)-4E-eicosasphingenine,145714838
KZTJQXAANJHSCE-UHFFFAOYSA-N,"N-(1,3-dihydroxyoctadecan-2-yl)octadecanamide",4255985
HVYWMOMLDIMFJA-DPAQBDIFSA-N,"(3S,8S,9S,10R,13R,14S,17R)-10,13-dimethyl-17-[(2R)-6-methylheptan-2-yl]-2,3,4,7,8,9,11,12,14,15,16,17-dodecahydro-1H-cyclopenta[a]phenanthren-3-ol",5997
WREKGBNQYOBKKO-UHFFFAOYSA-N,,
ACTIUHUUMQJHFO-UHFFFAOYSA-N,Ubisemiquinone,1156
YEJYLHKQOBOSCP-OZKTZCCCSA-N,1-Palmitoyl-2-oleoyl-sn-glycerol,5282283
PGXBELQFNRPKBC-WBVIKXMWSA-N,"DG(18:2(9Z,12Z)/18:3(9Z,12Z,15Z)/0:0)",9543737
GRGDLDNREYVILP-CNWVQWJYSA-N,"DG(18:3(9Z,12Z,15Z)/20:2(11Z,14Z)/0:0)",9543784
YDVDXUYJFQLPEG-CTHJWPIASA-N,"DG(18:3(9Z,12Z,15Z)/20:3(8Z,11Z,14Z)/0:0)",9543795
NUGBPQVTGLIHPK-UHFFFAOYSA-N,,
SWAUCSBNGLZTAO-UHFFFAOYSA-N,,
FMBLKZCAGUEWQW-UHFFFAOYSA-N,,
LNHJAGNJTQKBEC-UHFFFAOYSA-N,,
ALADTLXJFODIQX-UHFFFAOYSA-N,,
GPQKHIJZOQBYHF-UHFFFAOYSA-N,,
GVCJAFRWLSOWEX-UHFFFAOYSA-N,,
FNGPVMXXYRLRFP-UHFFFAOYSA-N,,
FSKMPLGIRIBOTQ-UHFFFAOYSA-N,,
PIKATRARSGJDNU-UHFFFAOYSA-N,,
QSBYPNXLFMSGKH-UHFFFAOYSA-N,9-heptadecenoic acid,3014063
ZQPPMHVWECSIRJ-KTKRTIGZSA-N,Emersol 220 White Oleate,445639
XEBKSQSGNGRGDW-UHFFFAOYSA-N,"9,10-Dihydroxyoctadec-12-enoic acid",53394288
JBYXPOFIGCOSSB-XBLVEGMJSA-N,"9,11-Octadecadienoic acid",5282796
JGUNZIWGNMQSBM-UHFFFAOYSA-N,"9S-hydroperoxy-10E,12Z-octadecadienoic acid",1928
DTOSIQBPPRVQHS-PDBXOOCHSA-N,LINOLENIC ACID,5280934
YOKHLRHWEXTWJR-ZHACJKMWSA-N,9-Nonadecenoic acid,14275215
BITHHVVYSMSWAG-UHFFFAOYSA-N,(EZ)-Icosenoic acid,142770
XSXIVVZCUAHUJO-HZJYTTRNSA-N,Eicosadienoic acid,6439848
AHANXAKGNAKFSK-PDBXOOCHSA-N,"11,14,17-Eicosatrienoic acid",5312529
YZXBAPSDXZZRGB-DOFZRALJSA-N,Arachidonate,444899
JAZBEHYOTPTENJ-JLNKQSITSA-N,Icosapent (INN),446284
DPUOLQHDNGRHBS-KTKRTIGZSA-N,Erucic Acid,5281116
HVGRZDASOHMCSK-AVQMFFATSA-N,"13,16-Docosadienoic acid",5282807
TWSWSIQAPQLDBP-DOFZRALJSA-N,"(7Z,10Z,13Z,16Z)-Docosa-7,10,13,16-tetraenoic acid",5497181
MBMBGCFOFBJSGT-KUBAVDMBSA-N,HXA,445580
MSUOLNSQHLHDAS-UHFFFAOYSA-N,2-Hydroxytetracosanoic acid,102430
MWMPEAHGUXCSMY-UHFFFAOYSA-N,pentacosanoic acid,10468
VHOCUJPBKOZGJD-UHFFFAOYSA-N,Triacontanoic acid,10471
OBPRTZBYYWWRGJ-UHFFFAOYSA-N,2-Tetracosanoyloxyacetic acid,88765616
UWSSQGYIAHOMJM-OMCRSCLLSA-N,Fahfa 18:1/20:3,138276051
BCZDKPKCPSQECA-UHFFFAOYSA-N,Fahfa 25:0/21:0,138125105
HLIJNIKSBCIDGO-QKLMXXKVSA-N,LacCer(d18:1/16:0),53477895
UTZWWDIWEOVCQN-JTBMWNAQSA-N,"6-[2-heptadecanoyloxy-3-[(11Z,14Z,17Z)-icosa-11,14,17-trienoyl]oxypropoxy]-3,4,5-trihydroxyoxane-2-carboxylic acid",138275198
DFELABABMXOKTD-IYFIADHGSA-N,beta-D-glucosyl-N-eicosanoylsphingosine,20057356
YIGARKIIFOHVPF-YAEABVQUSA-N,C22 GlcCer,6321359
POQRWMRXUOPCLD-AAAFHMTMSA-N,Glucosylceramide,6321361
WBOZIXHPUPAOIA-RBELZSLISA-N,N-(15Z-tetracosenoyl)-1-beta-glucosyl-sphing-4-enine,6321360
SCBSLJVBXYHZPZ-UHFFFAOYSA-N,HexCer 18:0;2O/14:0,22178811
TXZJEQCYQGSYTF-UHFFFAOYSA-N,,
UVSSASZCRROTPQ-UHFFFAOYSA-N,,
PQZRGXKFSZNTBH-UHFFFAOYSA-N,,
FPYGWXZZOOQXRD-UHFFFAOYSA-N,,
YNMNMCDGYLHQRD-UHFFFAOYSA-N,,
QLNURYCOAWSXLQ-UHFFFAOYSA-N,,
FPTSLKCBYZXNAK-UHFFFAOYSA-N,,
LMJRVTNHOFDJIG-UHFFFAOYSA-N,,
YGNHTBSNYNKPPR-QXHWDXSJSA-N,Lnape 20:4/N-19:1,165327881
ASWBNKHCZGQVJV-HSZRJFAPSA-N,1-16:0-2-lysophosphatidylcholine,460602
LFUDDCMNKWEORN-UHFFFAOYSA-N,,
IHNKQIMGVNPMTC-RUZDIDTESA-N,1-18:0-lysoPC,497299
YAMUFBLWGFFICM-PTGWMXDISA-N,1-18:1-lysophosphatidylcholine,16081932
SPJFYYJXNPEZDW-FTJOPAKQSA-N,"1-(9Z,12Z-octadecadienoyl)-sn-glycero-3-phosphocholine",11005824
UATOAILWGVYRQS-UHFFFAOYSA-N,[2-hydroxy-3-(1-oxoeicosoxy)propyl] 2-(trimethylammonio)ethyl phosphate,24779474
GJTDRNFWIDPARY-GTPZACKGSA-N,1-(9Z-eicosenoyl)-sn-glycero-3-phosphocholine,24779475
YYQVCMMXPIJVHY-ZOIJLGJPSA-N,Lysophosphatidylcholine(20:2),52924053
GOMVPVRDBLLHQC-UHFFFAOYSA-N,,
PDIGSOAOQOXRDU-WJPZTBRDSA-N,"LysoPC(20:5(5Z,8Z,11Z,14Z,17Z))",11757087
LSOWKZULVQWMLY-APPDJCNMSA-N,LPC(22:6/0:0),10415542
ZJIXPFHQCRWXJV-PFONDFGASA-N,Lpc 32:1-SN1,164502065
YSTGSPYMRHRHHQ-QAYSHOGESA-N,Lpc 40:7-SN1,164493524
VLBPIWYTPAXCFJ-UHFFFAOYSA-N,1-O-Hexadecyl-lyso-sn-glycero-3-phosphocholine,3983
XKBJVQHMEXMFDZ-UHFFFAOYSA-N,Lyso-PAF c-18,3985
CKPBBEOJHAPPBT-HXUWFJFHSA-N,LysoPE(0:0/16:0),53480922
BBYWOYAFBUOUFP-UHFFFAOYNA-N,LPE 18:0,477551911
PYVRVRFVLRNJLY-KTKRTIGZNA-N,LPE 18:1,477882298
DBHKHNGBVGWQJE-USWSLJGRSA-N,"1-(9Z,12Z-octadecadienoyl)-sn-glycero-3-phosphoethanolamine",52925130
JPNPIRVRGLGTRE-YSKCIPFOSA-N,"LysoPE(20:4(8Z,11Z,14Z,17Z)/0:0)",53480952
KCWGBXXAJHVZNN-UHFFFAOYSA-N,"[3-[2-Aminoethoxy(hydroxy)phosphoryl]oxy-2-hydroxypropyl] icosa-5,8,11,14,17-pentaenoate",75958074
XEVRBOQZSXWGQO-PAUXXPOVSA-N,Lyso-PE(22:6w3/0:0),52925132
CDONWGCJDDHTLP-KTKRTIGZNA-N,LPE O-18:1,477577455
DBVHWKABURKXNY-UHFFFAOYSA-N,,
PKPGKYPSMJMPGS-UHFFFAOYNA-N,LPE O-20:0,477869257
MDKQSWPYVYXVKC-UHFFFAOYSA-N,,
ZPDQFUYPBVXUKS-UHFFFAOYNA-N,LPS 18:0,478094547
GIEIKQLTPYMKIQ-LPNQNMOLSA-N,"[(2S)-1-hexadecanoyloxy-3-[(2R,5R,6R)-3,4,5-trihydroxy-6-(hydroxymethyl)oxan-2-yl]oxypropan-2-yl] (5E,8E,11E,14E,17E)-icosa-5,8,11,14,17-pentaenoate",134732480
NAUNPPRXNUXMCK-UHFFFAOYSA-N,"[1-Hexadecanoyloxy-3-[3,4,5-trihydroxy-6-(hydroxymethyl)oxan-2-yl]oxypropan-2-yl] octadeca-9,12,15-trienoate",74382274
XWBWIAOWSABHFI-UHFFFAOYSA-N,"N-(1,3-dihydroxyoctadec-4-en-2-yl)icosanamide",4307993
ZWHVMTQUUANYQJ-UHFFFAOYSA-N,N-(2-Hydroxyethyl)butyramide,252506
NURPOXDFZKXLRW-UHFFFAOYSA-N,N-(2-hydroxyethyl)pentanamide,13245640
QWJKOSGGYVUJBP-UHFFFAOYSA-N,N-(2-hydroxyethyl)nonanamide,14455154
XGGMHQYOVYWRLV-IZNHTBNISA-N,1-tetradecanoyl-2-(9Z-hexadecenoyl)-sn-glycero-3-phosphocholine,24778615
PPTNNIINSOQWCE-WJOKGBTCSA-N,1-Palmitoyl-2-(9-oxo-nonanoyl)-sn-glycero-3-phosphocholine,46907874
UIXXHROAQSBBOV-UHFFFAOYSA-N,(3-Hexadecanoyloxy-2-tetradecanoyloxypropyl) 2-(trimethylazaniumyl)ethyl phosphate,10190333
JLPULHDHAOZNQI-UHFFFAOYSA-N,"[3-(1-oxohexadecoxy)-2-(1-oxooctadeca-9,12-dienoxy)propyl] 2-(trimethylammonio)ethyl phosphate",122218
IESVDEZGAHUQJU-UHFFFAOYSA-N,"(2-Docosa-4,7,10,13,16,19-hexaenoyloxy-3-hexadecanoyloxypropyl) 2-(trimethylazaniumyl)ethyl phosphate",74063529
ZNSRWHZSOOOECB-IHLJWWGMSA-N,"PC(16:1(9Z)/18:4(6Z,9Z,12Z,15Z))",24778769
ATHVAWFAEPLPPQ-UHFFFAOYSA-N,(3-Octadecanoyloxy-2-octadec-9-enoyloxypropyl) 2-(trimethylazaniumyl)ethyl phosphate,3033933
FAUYAENFVCNTAL-UHFFFAOYSA-N,"(2-Docosa-4,7,10,13,16,19-hexaenoyloxy-3-octadecanoyloxypropyl) 2-(trimethylazaniumyl)ethyl phosphate",133026175
QKKKBFSONQRFRO-UHFFFAOYSA-N,,
HRBNRYBXXRPMKP-OMCHRGCMSA-N,"[2-[(5Z,8Z,11Z,14Z,17Z)-icosa-5,8,11,14,17-pentaenoyl]oxy-3-[(9Z,12Z)-octadeca-9,12-dienoyl]oxypropyl] 2-(trimethylazaniumyl)ethyl phosphate",24778981
ZHAHTCLACAJNQI-SEYXRHQNSA-N,[3-acetyloxy-2-[(Z)-heptadec-9-enoyl]oxypropyl] 2-(trimethylazaniumyl)ethyl phosphate,138312775
AEUCYCQYAUFAKH-DITNKEBASA-N,"1,2-di-[(11Z)-eicosenoyl]-sn-glycero-3-phosphocholine",24779063
XOZKRFBVCYMGKM-GKFVBPDJSA-N,"[2-[(6Z,9Z,12Z,15Z)-octadeca-6,9,12,15-tetraenoyl]oxy-3-propanoyloxypropyl] 2-(trimethylazaniumyl)ethyl phosphate",138298680
GFFACUDRMCKGID-ZKWNWVNESA-N,"[3-acetyloxy-2-[(8Z,11Z,14Z,17Z)-icosa-8,11,14,17-tetraenoyl]oxypropyl] 2-(trimethylazaniumyl)ethyl phosphate",138159393
IJFVSSZAOYLHEE-UHFFFAOYSA-N,Dilaurylphosphatidylcholine,65262
BQAGEKPOHNCEPX-UHFFFAOYSA-N,(3-Decanoyloxy-2-tetradecanoyloxypropyl) 2-(trimethylazaniumyl)ethyl phosphate,24778525
VBWSYJOSSOZQOH-UHFFFAOYSA-N,(3-Decanoyloxy-2-hexadecanoyloxypropyl) 2-(trimethylazaniumyl)ethyl phosphate,138277677
JCBOOWOAEHBYJL-UHFFFAOYSA-N,,
CITGLCJVPOWHKC-UUWRZZSWSA-N,,
ZLWBMGNHUKXHDG-UHFFFAOYSA-N,,
GWWAIYISJPUKIW-UHFFFAOYSA-N,(3-Acetyloxy-2-heptacosanoyloxypropyl) 2-(trimethylazaniumyl)ethyl phosphate,138165033
LLHISNQVRRYJGL-UHFFFAOYSA-N,(2-Hexadecanoyloxy-3-pentadecanoyloxypropyl) 2-(trimethylazaniumyl)ethyl phosphate,14818904
QFVHCMLUKNHDSH-UHFFFAOYSA-N,,
QFVHCMLUKNHDSH-WTWBAFHPSA-N,1-pentadecanoyl-2-(9Z-hexadecenoyl)-sn-glycero-3-phosphocholine,24778657
KILNVBDSWZSGLL-KXQOOQHDSA-N,Colfosceril Palmitate,452110
QIBZFHLFHCIUOT-NPBIGWJUSA-N,1-Palmitoyl-2-palmitoleoyl-sn-glycero-3-phosphocholine,6443788
QIBZFHLFHCIUOT-ZPHPHTNESA-N,1-Palmitoyl-2-palmitoleoylphosphatidylcholine,6443090
GPWHCUUIQMGELX-VHQDNGOZSA-N,"1,2-Dipalmitoleoyl-sn-glycero-3-phosphocholine",24778764
QZMGRDCRMQJRBR-UHFFFAOYSA-N,,
FHENRYRLCPXONH-LDLOPFEMSA-N,1-Octadecanoyl-2-pentadecanoyl-glycero-3-phosphocholine,52922645
OFRWLQSOUIZELQ-VEAYGOGPSA-N,1-(9Z-hexadecenoyl)-2-heptadecanoyl-glycero-3-phosphocholine,52922442
GXTATYLPYLLNLV-MGIDVFSBSA-N,1-pentadecanoyl-2-(11Z-octadecenoyl)-sn-glycero-3-phosphocholine,24778662
SBNDHGBVMZMSNL-UESLNCBNSA-N,"1-(9Z,12Z-octadecadienoyl)-2-pentadecanoyl-glycero-3-phosphocholine",52922715
LINQPZCEZRTEOY-UHFFFAOYSA-N,,
VZVZQQCSQMEVAN-UHFFFAOYSA-N,,
RNLAHSGFLLQJSH-UHFFFAOYSA-N,,
PZNPLUBHRSSFHT-RRHRGVEJSA-N,1-Hexadecanoyl-2-octadecanoyl-sn-glycero-3-phosphocholine,24778686
WTJKGGKOPKCXLL-VYOBOKEXSA-N,1-hexadecanoyl-2-(9Z-octadecenoyl)-sn-glycero-3-phosphocholine,5497103
WTJKGGKOPKCXLL-MRCUWXFGSA-N,1-Palmitoyl-2-oleoylphosphatidylcholine,6436017
JLPULHDHAOZNQI-ZTIMHPMXSA-N,Lecithin,5287971
CNNSEHUKQJCGTE-UPPWDXJYSA-N,"PC(16:0/18:3(6Z,9Z,12Z))",24778699
VKVSSDKCKXJFIM-AFYHZPHLSA-N,"PC(20:3(8Z,11Z,14Z)/14:0)",52923213
YWDDIWXKFJEMKF-JTZVLWBESA-N,"PC(18:4(6Z,9Z,12Z,15Z)/16:0)",52922891
ZPUCIFKHJMJFJR-UHFFFAOYSA-N,,
WCNDCUHEAPXSRE-UHFFFAOYSA-N,,
MFHIZGSSDZJFKD-IYEJTHTFSA-N,1-(9Z-octadecenoyl)-2-heptadecanoyl-glycero-3-phosphocholine,52922679
QHSSPICKLMYIHE-UHFFFAOYSA-N,,
ZSKWZJYUVZYDQU-WESJWMGVSA-N,"1-heptadecanoyl-2-(9Z,12Z-octadecadienoyl)-sn-glycero-3-phosphocholine",52922491
MJWAVUYQCBFFHQ-WESJWMGVSA-N,"1-(9Z,12Z-octadecadienoyl)-2-heptadecanoyl-glycero-3-phosphocholine",52922721
CCWBLPGHMXYSEO-UHFFFAOYSA-N,,
AYXGHIQPMDYMJC-AHMBLZLYSA-N,"PE(20:3(8Z,11Z,14Z)/18:0)",52924614
OROZWUJCDDCYAU-IPUAOQJZSA-N,"1-tridecanoyl-2-(7Z,10Z,13Z,16Z-docosatetraenoyl)-glycero-3-phosphocholine",52922204
LYNZMLHNPYEREG-ZHMZGHMTSA-N,"1-(6Z,9Z,12Z,15Z-octadecatetraenoyl)-2-heptadecanoyl-glycero-3-phosphocholine",52922895
VMVWXMVXFZDVRX-UHFFFAOYSA-N,,
VYAMSJNJNPMAKM-UHFFFAOYSA-N,,
ATHVAWFAEPLPPQ-VRDBWYNSSA-N,1-Stearoyl-2-oleoyl-sn-glycero-3-phosphocholine,24778825
ANCOIGUVGMVZMF-UHFFFAOYSA-N,,
SNKAWJBJQDLSFF-NVKMUCNASA-N,PC(18:1/18:1),10350317
BXRLDROZWDUSGM-ZRYFCQOPSA-N,"PC(18:1(9Z)/18:2(6Z,9Z))",24778937
YPAZQMWFRMHBBM-CLKMJQEKSA-N,"PC(18:2(9Z,12Z)/18:1(11Z))",53478785
NKQPOVROGSWLTO-NVPMBMBWSA-N,"PC(18:3(6Z,9Z,12Z)/18:1(9Z))",52922783
IIZPXYDJLKNOIY-JXPKJXOSSA-N,Phosphatidylcholine(16:0/20:4w6),10747814
SUZYROYNFNQALJ-MHEIZRSESA-N,"PC(20:5(5Z,8Z,11Z,14Z,17Z)/16:0)",52923341
DYDDZDMJSQYFGN-OIVUZXIWSA-N,"PC(16:1(9Z)/20:4(5Z,8Z,11Z,14Z))",24778771
SUZYROYNFNQALJ-MHEIZRSESA-N,"PC(20:5(5Z,8Z,11Z,14Z,17Z)/16:0)",52923341
SPWBDEZMKCRQSX-NGPPOSSDSA-N,"PC(18:3(9Z,12Z,15Z)/18:3(6Z,9Z,12Z))",52922847
FJZPGDCOKAUAQA-UHFFFAOYSA-N,,
MCZUABDVGPPWPM-HJTCUGKVSA-N,"1-(9Z,12Z-octadecadienoyl)-2-nonadecanoyl-glycero-3-phosphocholine",52922735
OOYQEEUUQRMQKL-JUUDQZDJSA-N,"1-(9Z,12Z,15Z-octadecatrienoyl)-2-nonadecanoyl-glycero-3-phosphocholine",52922851
QRPUCJXFPYFTMB-FBFLODOBSA-N,"1-(9Z,12Z,15Z-octadecatrienoyl)-2-(9Z-nonadecenoyl)-glycero-3-phosphocholine",52922853
GEINPYKZLFHHIL-GlcXMCQTSA-N,,
GQIULIXPAHRSNV-UHFFFAOYSA-N,,
HTOXDSJJLQRKAN-UHFFFAOYSA-N,,
BVCUNKXTUMEPTF-UHFFFAOYSA-N,,
KXXLFCAPKGRXBT-FMJYHZMHSA-N,"1-eicosanoyl-2-(9Z,12Z-octadecadienoyl)-sn-glycero-3-phosphocholine",24779263
ZQLPLCXRBVPKGP-UHFFFAOYSA-N,,
KNNHXKQRTYEWCA-HYYWERRFSA-N,"PC(20:2(11Z,14Z)/18:1(11Z))",53478919
LLUINWFQEIMZRU-UHFFFAOYSA-N,,
PSVRFUPOQYJOOZ-QNPWAGBNSA-N,"[(2R)-2-[(5Z,8Z,11Z,14Z)-1-oxoeicosa-5,8,11,14-tetraenoxy]-3-(1-oxooctadecoxy)propyl] 2-(trimethylammonio)ethyl phosphate",16219824
HUAVKOMRGUBYMK-UHFFFAOYSA-N,,
TWXNOZDNXVHOLP-UHFFFAOYSA-N,,
SUACBSWYGWBPFC-GPUJSUHJSA-N,"PC(20:3(8Z,11Z,14Z)/18:2(9Z,12Z))",52923235
YLWBKBDNHWQEFU-YJXJLLHLSA-N,"PC(20:4(5Z,8Z,11Z,14Z)/18:1(11Z))",53479033
PLZBTDKJYHXIEW-DZUXOTHRSA-N,"PC(20:4(5Z,8Z,11Z,14Z)/18:2(9Z,12Z))",52923295
RUHBZJXWUDKAMZ-XXAGCNFXSA-N,"PC(18:2(9Z,12Z)/20:4(8Z,11Z,14Z,17Z))",53478789
BNNUJTATKJXKJP-XCDHYEIISA-N,"PC(20:4(8Z,11Z,14Z,17Z)/18:3(6Z,9Z,12Z))",53479075
GQTMDGAVIYVIDL-RVTNGMKESA-N,"[2-[(4Z,7Z,10Z,13Z,16Z,19Z)-docosa-4,7,10,13,16,19-hexaenoyl]oxy-3-[(9Z,12Z)-hexadeca-9,12-dienoyl]oxypropyl] 2-(trimethylazaniumyl)ethyl phosphate",138163135
FVTVIYPLHMTBGA-UHFFFAOYSA-N,,
LGGLGFSWJITMHS-MJJBRJPASA-N,"[2-[(14Z,17Z,20Z,23Z)-hexacosa-14,17,20,23-tetraenoyl]oxy-3-[(Z)-tridec-9-enoyl]oxypropyl] 2-(trimethylazaniumyl)ethyl phosphate",138201638
IMIBYYUIZPCHBJ-UHFFFAOYSA-N,,
QMCWOGICYCFNBF-BWHZRABLSA-N,"1-(9Z,12Z-heptadecadienoyl)-2-(7Z,10Z,13Z,16Z-docosatetraenoyl)-glycero-3-phosphocholine",52922637
BWMGYQAIDPQZGJ-UHFFFAOYSA-N,,
UQCDOWUBGDHSMU-UHFFFAOYSA-N,,
HFQOHFIVVRPSHG-UHFFFAOYSA-N,,
WAIHGVAZVKEQGR-UHFFFAOYSA-N,,
JYFWSVLYQSTYHE-XEAUMUMLSA-N,"[3-docosanoyloxy-2-[(9Z,12Z,15Z)-octadeca-9,12,15-trienoyl]oxypropyl] 2-(trimethylazaniumyl)ethyl phosphate",25244692
AAYOXXRTLLISDA-UHFFFAOYSA-N,,
FHUAYOMRHXZKHT-JUGJLYODSA-N,"1-(13Z-docosenoyl)-2-(9Z,12Z,15Z-octadecatrienoyl)-sn-glycero-3-phosphocholine",53479183
QQIYXJBHMDYXHH-NMUBDWGHSA-N,"PC(22:2(13Z,16Z)/18:2(9Z,12Z))",52923573
IJTJDJOOHZVSAC-NDRUHXFFSA-N,"PC(20:4(8Z,11Z,14Z,17Z)/20:1(11Z))",53479083
LJFKFKIYUJNFPZ-ZLFSCUDPSA-N,"PC(20:1(11Z)/20:4(5Z,8Z,11Z,14Z))",52923133
KZSXWBSDQDXESU-PPEVQBTRSA-N,"PC(22:2(13Z,16Z)/18:4(6Z,9Z,12Z,15Z))",52923579
TYRTWVKQVGNGSZ-RGBTVBCDSA-N,"PC(20:2(11Z,14Z)/20:4(5Z,8Z,11Z,14Z))",52923195
FPEVDFOXMCHLKL-UHFFFAOYSA-N,"(2-Docosa-4,7,10,13,16,19-hexaenoyloxy-3-octadec-9-enoyloxypropyl) 2-(trimethylazaniumyl)ethyl phosphate",133026127
BPUROMFCPFGBOT-ZEGPSQTJSA-N,"PC(18:2(9Z,12Z)/22:5(4Z,7Z,10Z,13Z,16Z))",24778982
SIMZOWLEIOYZJX-VRCXRDLJSA-N,"PC(20:5(5Z,8Z,11Z,14Z,17Z)/20:3(5Z,8Z,11Z))",53479127
BFCSBEFTXQRIOJ-IMYLGOOQSA-N,"PC(20:4(8Z,11Z,14Z,17Z)/20:4(8Z,11Z,14Z,17Z))",53479093
GJYVZEAGDPQYHE-UHFFFAOYSA-N,,
KQEBTLYBLYIGCO-UHFFFAOYSA-N,,
VZHJGZIHURTYOK-UHFFFAOYSA-N,,
JAFRHASVFSGFFW-UHFFFAOYSA-N,,
OPJMVQWGDNLBOX-UHFFFAOYSA-N,,
MCBZZOAHAMROOU-UHFFFAOYSA-N,"(2-Docosa-4,7,10,13,16,19-hexaenoyloxy-3-nonadecanoyloxypropyl) 2-(trimethylazaniumyl)ethyl phosphate",75956074
MOZVGHCUWNOTHQ-UHFFFAOYSA-N,,
PYHBTZGICKBYDS-UHFFFAOYSA-N,,
BEOPRPBCHVTXIL-UHFFFAOYSA-N,,
FXDQJBSGJDJBNI-UHFFFAOYSA-N,,
PRAHGYJIPXTSPA-UHFFFAOYSA-N,,
APYSSUSAYQRESE-VZWUYPTESA-N,"PC(22:2(13Z,16Z)/20:3(8Z,11Z,14Z))",52923591
DSVRMAGYENFTLY-GDDYDVMSSA-N,"PC(22:4(7Z,10Z,13Z,16Z)/20:2(11Z,14Z))",52923651
ZQZWZGRWXYGCHL-KWBDKPQYSA-N,"[3-[(9Z,12Z)-octadeca-9,12-dienoyl]oxy-2-[(12Z,15Z,18Z,21Z)-tetracosa-12,15,18,21-tetraenoyl]oxypropyl] 2-(trimethylazaniumyl)ethyl phosphate",138316086
LQGLSURTFNDIMU-JXUGAEHWSA-N,"PC(22:2(13Z,16Z)/20:5(5Z,8Z,11Z,14Z,17Z))",52923595
CBZKQAMOIDIGQS-UHFFFAOYSA-N,,
IYXCMTDFTGTXCB-UHFFFAOYSA-N,,
FDDWZRUXIMATBC-WHMDNIGFSA-N,"PC(20:4(8Z,11Z,14Z,17Z)/22:5(7Z,10Z,13Z,16Z,19Z))",53479107
UOHAUYMPRRFULX-UHFFFAOYSA-N,,
MEMRRVFGVSLHIA-UHFFFAOYSA-N,,
YRQVLDTZSIUUFV-UHFFFAOYSA-N,,
XAFPNZQFSGKDDB-UHFFFAOYSA-N,,
UCERGKJQFBLCRB-UHFFFAOYSA-N,,
LIYXTHCSSCAYRI-UHFFFAOYSA-N,,
XLKQWAMTMYIQMG-UHFFFAOYSA-N,"2,3-Di(docosa-4,7,10,13,16,19-hexaenoyloxy)propyl 2-(trimethylazaniumyl)ethyl phosphate",74051656
SXLRSCSDOMRNSL-UHFFFAOYSA-N,,
OWKJOILEORWVEV-UHFFFAOYSA-N,,
SOUZQPFUXRVDGK-KCTKZSJBSA-N,"PC(o-16:0/20:4(8Z,11Z,14Z,17Z))",53481701
GTFLTTXDLGEBAI-UHFFFAOYSA-N,3-(Octadecyloxy)-2-(palmitoyloxy)propyl 2-(trimethylammonio)ethyl phosphate,24779324
FHHVIBPVBBRLOR-IYACIECVSA-N,1-(1-enyl-stearoyl)-2-arachidonoyl-sn-glycero-3-phosphocholine,24779390
ZQGOFPZFTPJOJU-UHFFFAOYSA-N,(2-Henicosanoyloxy-3-octoxypropyl) 2-(trimethylazaniumyl)ethyl phosphate,164505567
UNNIFJGDNLICLT-UHFFFAOYSA-N,,
BYMZZQJJOHDZOU-UHFFFAOYSA-N,(2-Hexadecanoyloxy-3-tetradecoxypropyl) 2-(trimethylazaniumyl)ethyl phosphate,24779276
MARQLCZUTCPJHC-UHFFFAOYSA-N,(3-Octoxy-2-tricosanoyloxypropyl) 2-(trimethylazaniumyl)ethyl phosphate,164334893
RPJBSPVVDIKMBV-UHFFFAOYSA-N,(2-Hexadecanoyloxy-3-pentadecoxypropyl) 2-(trimethylazaniumyl)ethyl phosphate,165289337
ZFGFGETTXFCNGE-UHFFFAOYSA-N,,
SVWBXNAUENUONE-LDLOPFEMSA-N,1-Palmitoyl-2-hexadecyl-sn-glycero-3-phosphocholine,173570
KKCGBTJTPQETOY-UHFFFAOYSA-N,,
HJVQHTGUAIETCQ-UHFFFAOYSA-N,,
NOYDAUSEIWVTMO-XOMYGGGSSA-N,"[3-[(9Z,12Z)-hexadeca-9,12-dienoxy]-2-hexadecanoyloxypropyl] 2-(trimethylazaniumyl)ethyl phosphate",138221117
LXEGSWFXNDUGIV-UHFFFAOYSA-N,(3-Octoxy-2-pentacosanoyloxypropyl) 2-(trimethylazaniumyl)ethyl phosphate,164333045
YTUHEWRQCXCRCS-MSXCAIDTSA-N,"[3-nonoxy-2-[(6Z,9Z,12Z,15Z,18Z,21Z)-tetracosa-6,9,12,15,18,21-hexaenoyl]oxypropyl] 2-(trimethylazaniumyl)ethyl phosphate",164494092
BNIFFRNYMGLGIV-UHFFFAOYSA-N,(2-Hexacosanoyloxy-3-octoxypropyl) 2-(trimethylazaniumyl)ethyl phosphate,164209620
ZKTXOJMFIAILJG-VQJSHJPSSA-N,[(2R)-2-hexadecoxy-3-octadecanoyloxypropyl] 2-(trimethylazaniumyl)ethyl phosphate,24779361
SIEDNCDNGMIKST-UHFFFAOYSA-N,(3-Hexadecoxy-2-octadec-9-enoyloxypropyl) 2-(trimethylazaniumyl)ethyl phosphate,72730732
WDQJCKHLEYAETE-MGXYOJEMSA-N,[3-[(Z)-hexadec-9-enoxy]-2-[(Z)-octadec-9-enoyl]oxypropyl] 2-(trimethylazaniumyl)ethyl phosphate,138286710
WDQJCKHLEYAETE-UHFFFAOYSA-N,,
NIKRJMBNOQBCJY-UHFFFAOYSA-N,,
XMHXXITXNBPALH-UHFFFAOYSA-N,,
LAYKQTFKSQXATG-UHFFFAOYSA-N,,
ZVZUNIABXAMDPL-UHFFFAOYSA-N,,
OHSFNZCZNMJYDD-UHFFFAOYSA-N,,
IXXUVJRIJHDOLH-UHFFFAOYSA-N,,
PGLZOPOYHKOBOD-UHFFFAOYSA-N,,
CTZJPIRYGNJXMR-MRCUWXFGSA-N,[2-[(Z)-docos-13-enoyl]oxy-3-tetradecoxypropyl] 2-(trimethylazaniumyl)ethyl phosphate,138138968
XQNZBQBKIGMIID-UHFFFAOYSA-N,,
XWWGFNXTSFBXSV-UHFFFAOYSA-N,,
AXGNAJSJYHDVIE-UHFFFAOYSA-N,,
NKWNBXHINFKLLJ-UHFFFAOYSA-N,,
RWUSUIYMRAHTSG-UHFFFAOYSA-N,,
BAGTZVRZMJNFDH-MJXYYAAPSA-N,"[2-[(9Z,12Z)-heptadeca-9,12-dienoyl]oxy-3-[(11Z,14Z,17Z)-icosa-11,14,17-trienoxy]propyl] 2-(trimethylazaniumyl)ethyl phosphate",138124242
XJDKSTIRVDWFRL-MSXCAIDTSA-N,"[3-nonoxy-2-[(10Z,13Z,16Z,19Z,22Z,25Z)-octacosa-10,13,16,19,22,25-hexaenoyl]oxypropyl] 2-(trimethylazaniumyl)ethyl phosphate",164475341
OGKBDEGUVIOGOS-UHFFFAOYSA-N,,
UNQFLBLBMMXLNZ-UHFFFAOYSA-N,,
KTXOXYNZBWISDE-UHFFFAOYSA-N,,
ZKOIQGQFUIBTBK-UHFFFAOYSA-N,,
ARESNMYKPTUBDT-UHFFFAOYSA-N,,
IXJTXTUANBZPRR-UHFFFAOYSA-N,,
LSUUYCOJTDXYNX-AQISBKEKSA-N,"[2-[(4Z,7Z,10Z,13Z,16Z,19Z)-docosa-4,7,10,13,16,19-hexaenoyl]oxy-3-[(Z)-hexadec-9-enoxy]propyl] 2-(trimethylazaniumyl)ethyl phosphate",138205619
WQYLHADYRBGAGC-UHFFFAOYSA-N,,
DBCXCFBGWOEMJV-UHFFFAOYSA-N,,
UCVZHVCAEYSHCY-UHFFFAOYSA-N,,
VWKOBVXUQODLJP-UHFFFAOYSA-N,,
FCNCLGVQZFEHST-UHFFFAOYSA-N,,
KKYAKTKSGHLZLO-UHFFFAOYSA-N,,
DBXJOCSZUPYVJQ-UHFFFAOYSA-N,,
FYLHFHLSNYCGOC-FPWUCMTFSA-N,"[3-[(4Z,7Z,10Z,13Z,16Z,19Z)-docosa-4,7,10,13,16,19-hexaenoxy]-2-[(9Z,12Z)-heptadeca-9,12-dienoyl]oxypropyl] 2-(trimethylazaniumyl)ethyl phosphate",138157243
SCYVEJDGCKBBJK-UHFFFAOYSA-N,,
FGEPWWQZFIUJMY-UHFFFAOYSA-N,,
HJDYJUQFSIJNGA-MMLUMLTRSA-N,"[2-[(7E,10E,13E,16E,19E)-docosa-7,10,13,16,19-pentaenoyl]oxy-3-octadecoxypropyl] 2-(trimethylazaniumyl)ethyl phosphate",24779339
MWJZGUPJPKCTCF-BGOAOESGSA-N,"[2-[(4Z,7Z,10Z,13Z,16Z,19Z)-docosa-4,7,10,13,16,19-hexaenoyl]oxy-3-[(Z)-octadec-9-enoxy]propyl] 2-(trimethylazaniumyl)ethyl phosphate",138215244
TZPWELYWHMBLNH-UHFFFAOYSA-N,,
VCWYIBIQQAJUAS-UHFFFAOYSA-N,,
OKYNKMQEYNTPNY-UHFFFAOYSA-N,,
POUGFOMGZOSCQV-UHFFFAOYSA-N,,
IXVPPBHEBBKZRA-UHFFFAOYSA-N,,
HNLYYHYLSFUJTC-UHFFFAOYSA-N,,
ZMQLLTKZNYACNP-MSTLYMIMSA-N,"[2-[(7Z,10Z,13Z,16Z,19Z,22Z,25Z)-octacosa-7,10,13,16,19,22,25-heptaenoyl]oxy-3-tetradecoxypropyl] 2-(trimethylazaniumyl)ethyl phosphate",164503735
CIKLTOCCZGXOIB-UHFFFAOYSA-N,,
FZMYLOBGNYZPQO-QLSONYGBSA-N,1-(1-Enyl-palmitoyl)-2-palmitoleoyl-sn-glycero-3-phosphocholine,52923882
QCGUXAIDEOWPBV-SNKLRXETSA-N,1-(11Z-octadecenyl)-2-hexadecanoyl-sn-glycero-3-phosphocholine,53481719
MBRHHFWRXQYYAN-RTVLTNFHSA-N,1-(1-Enyl-vaccenoyl)-2-palmitoyl-sn-glycero-3-phosphocholine,53480735
MBRHHFWRXQYYAN-JEPFLRBFSA-N,"1-(1Z,11Z-octadecadienyl)-2-hexadecanoyl-sn-glycero-3-phosphocholine",70698781
ZYLPVUZBZNMVMR-ZBBHDILGSA-N,"PC(O-16:0/20:2(11Z,14Z))",52923754
ZOTYCHIFTCFAHC-KOUVQCMKSA-N,"1-(1Z,9Z-octadecadienyl)-2-octadecanoyl-sn-glycero-3-phosphocholine",53480797
DIHWZUCEXWUHOD-IIVNATNGSA-N,PC(P-18:1(9Z)/18:1(9Z)),53480801
SOUZQPFUXRVDGK-KCTKZSJBSA-N,"PC(o-16:0/20:4(8Z,11Z,14Z,17Z))",53481701
GWBOVQHRCURSPU-QMFAPAEZSA-N,"PC(P-18:1(9Z)/20:2(11Z,14Z))",53480815
YPAPIRJFGNBODV-AMFPDOHCSA-N,"PC(P-18:0/20:4(8Z,11Z,14Z,17Z))",53480715
DYFGXBAIDOATAE-DSLLYOFSSA-N,"PC(P-18:1(11Z)/20:3(5Z,8Z,11Z))",53480759
DBQMOXDLWKVKKG-REWQMPQJSA-N,"PC(P-18:1(11Z)/20:3(8Z,11Z,14Z))",53480761
ATTCDOPAYPGSLE-LQULQHAGSA-N,"PC(20:4(8Z,11Z,14Z,17Z)/P-18:1(9Z))",53479121
FAKYQMLQEAQOLK-LHZZQLRFSA-N,"PC(P-16:0/22:5(4Z,7Z,10Z,13Z,16Z))",53480695
UWNFEVACEPZILS-RNNLSGHUSA-N,"PC(P-20:0/20:4(5Z,8Z,11Z,14Z))",52924022
KUHMJRMPHBRAMY-DDURNVNNSA-N,"PC(P-18:1(11Z)/22:4(7Z,10Z,13Z,16Z))",53480775
XUVCLJCZWPTAIO-OAKHYACESA-N,"PC(22:5(7Z,10Z,13Z,16Z,19Z)/P-18:1(9Z))",53479405
FMBYBTSZVHUJMV-DIVFMYBRSA-N,"PC(22:6(4Z,7Z,10Z,13Z,16Z,19Z)/P-18:0)",53479425
PWAHARWXEAMNGK-VCDFOAEJSA-N,"PC(P-18:1(9Z)/22:6(4Z,7Z,10Z,13Z,16Z,19Z))",53480839
QZMFOSCFDWPISC-KQHSIIGPSA-N,"PC(o-22:3(10Z,13Z,16Z)/22:3(10Z,13Z,16Z))",53481769
SIEDNCDNGMIKST-GUSIKBLRSA-N,[(2S)-3-hexadecoxy-2-[(Z)-octadec-9-enoyl]oxypropyl] 2-(trimethylazaniumyl)ethyl phosphate,10771331
TXHZYNSTTCIWMJ-RXSQUPBGSA-N,"PC(P-18:0/22:6(4Z,7Z,10Z,13Z,16Z,19Z))",42607430
CZOSTDZGCCEZTJ-PEZBUJJGSA-N,[3-[2-aminoethoxy(hydroxy)phosphoryl]oxy-2-[(Z)-hexadec-9-enoyl]oxypropyl] hexadecanoate,71627297
HGDJXBPLHZFXGO-LBXGSASVSA-N,Phosphatidylethanolamine 16:1-18:1,134735007
SUKSMPBISVBNOS-SDJUKWJGSA-N,Phosphatidylethanolamine 18:0-22:3,134768112
JRTZGTYHEHCHTM-UHFFFAOYSA-N,Phosphatidylethanolamine 18:0-16:0,6426734
RECBGBLFDMTQRS-SGEDCAFJSA-N,Phosphatidylethanolamine 16:0-18:1,134763376
WNEGPTXZSBMNGJ-UHFFFAOYSA-N,,
JQKOHRZNEOQNJE-ZZEZOPTASA-N,2-azaniumylethyl [3-octadecanoyloxy-2-[(Z)-octadec-9-enoyl]oxypropyl] phosphate,25244969
MWRBNPKJOOWZPW-CLFAGFIQSA-N,(Z)-9-octadecenoic acid [3-[2-aminoethoxy(hydroxy)phosphoryl]oxy-2-[(Z)-1-oxooctadec-9-enoxy]propyl] ester,
GKAFCSRKMWFPSJ-RQOIEFAZSA-N,1-18:1-2-18:2-phosphatidylethanolamine,25245361
NQIMLWFRWGTTOZ-JAXHXWBXSA-N,"[1-[2-aminoethoxy(hydroxy)phosphoryl]oxy-3-hexadecanoyloxypropan-2-yl] (8Z,11Z,14Z,17Z)-icosa-8,11,14,17-tetraenoate",138221545
KHLRCNXJXSYNCK-UHFFFAOYSA-N,"[1-[2-Aminoethoxy(hydroxy)phosphoryl]oxy-3-hexadecanoyloxypropan-2-yl] icosa-5,8,11,14,17-pentaenoate",75957871
YRRQJTQXWQBPQK-UHFFFAOYSA-N,"[1-[2-Aminoethoxy(hydroxy)phosphoryl]oxy-3-heptadecanoyloxypropan-2-yl] icosa-5,8,11,14,17-pentaenoate",75957262
UITCASPZWUAJBW-HWSICPKZSA-N,[1-[2-aminoethoxy(hydroxy)phosphoryl]oxy-3-[(Z)-octadec-9-enoyl]oxypropan-2-yl] (Z)-icos-11-enoate,9546827
ANRKEHNWXKCXDB-BHFWLYLHSA-N,"2-ammonioethyl [(2R)-2-[(5Z,8Z,11Z,14Z)-1-oxoeicosa-5,8,11,14-tetraenoxy]-3-(1-oxooctadecoxy)propyl] phosphate",46891781
YEHAZLUVAZKVRO-UHFFFAOYSA-N,"[1-[2-Aminoethoxy(hydroxy)phosphoryl]oxy-3-octadecanoyloxypropan-2-yl] icosa-8,11,14,17-tetraenoate",76042065
ZYMZKMQPPJPQHY-HAGCXRLMSA-N,"[1-[2-aminoethoxy(hydroxy)phosphoryl]oxy-3-[(Z)-octadec-9-enoyl]oxypropan-2-yl] (8Z,11Z,14Z,17Z)-icosa-8,11,14,17-tetraenoate",138318539
LFGBKOUQHCWBQI-BZGLIJSBSA-N,"PE(18:2(9Z,12Z)/20:4(5Z,8Z,11Z,14Z))",52924893
MPWUZHVZZKSTPV-LGFBOSHVSA-N,"[1-[2-aminoethoxy(hydroxy)phosphoryl]oxy-3-hexadecanoyloxypropan-2-yl] (4Z,7Z,10Z,13Z,16Z,19Z)-docosa-4,7,10,13,16,19-hexaenoate",6426738
SVTUSNWDMQTUBQ-UHFFFAOYSA-N,,
AJTJVNKPLZTLHV-UHFFFAOYSA-N,"[1-[2-Aminoethoxy(hydroxy)phosphoryl]oxy-3-octadeca-9,12-dienoyloxypropan-2-yl] icosa-5,8,11,14,17-pentaenoate",75957373
XWBGJZFCVFFGEC-UHFFFAOYSA-N,,
IHTIZXOEIOXSDI-UHFFFAOYSA-N,"[3-[2-Aminoethoxy(hydroxy)phosphoryl]oxy-2-icosa-5,8,11,14,17-pentaenoyloxypropyl] icosa-5,8,11,14,17-pentaenoate",75957671
IZEXFAOLFRVCJS-UHFFFAOYSA-N,"[1-[2-Aminoethoxy(hydroxy)phosphoryl]oxy-3-octadec-9-enoyloxypropan-2-yl] docosa-7,10,13,16,19-pentaenoate",76042109
JZSZAGWWWKKXLO-UHFFFAOYSA-N,"[1-[2-Aminoethoxy(hydroxy)phosphoryl]oxy-3-octadec-9-enoyloxypropan-2-yl] docosa-4,7,10,13,16,19-hexaenoate",75955284
YCPMBSIIFMAXDK-UHFFFAOYSA-N,,
RYBUYOPRHNRAQN-UHFFFAOYSA-N,,
RFPQMVKZNQOUGY-KXYOHKLBSA-N,[1-[2-aminoethoxy(hydroxy)phosphoryl]oxy-3-[(Z)-hexadec-9-enoxy]propan-2-yl] (Z)-octadec-9-enoate,138251610
RIQAKBUOHSSMTC-PNBIJBBKSA-N,"[1-[2-aminoethoxy(hydroxy)phosphoryl]oxy-3-[(Z)-hexadec-9-enoxy]propan-2-yl] (9Z,12Z)-octadeca-9,12-dienoate",138252555
KGCPGAKRLOCUEV-ZLXBYIIJSA-N,"[1-[2-aminoethoxy(hydroxy)phosphoryl]oxy-3-[(Z)-hexadec-9-enoxy]propan-2-yl] (4Z,7Z,10Z,13Z,16Z,19Z)-docosa-4,7,10,13,16,19-hexaenoate",138193153
ZTNZTGXTHOFZGC-UHFFFAOYSA-N,,
IVBLZGVNSKPGOR-XAJDCCMMSA-N,"[1-[2-aminoethoxy(hydroxy)phosphoryl]oxy-3-[(Z)-octadec-9-enoxy]propan-2-yl] (4Z,7Z,10Z,13Z,16Z,19Z)-docosa-4,7,10,13,16,19-hexaenoate",138181306
CVFFRLVFXKZVIJ-MAZCIEHSSA-N,"[1-[2-aminoethoxy(hydroxy)phosphoryl]oxy-3-[(9Z,12Z)-octadeca-9,12-dienoxy]propan-2-yl] (9Z,12Z)-octadeca-9,12-dienoate",138139358
VVEHXBSUSFPSAC-OJMLKDQNSA-N,"[1-[2-aminoethoxy(hydroxy)phosphoryl]oxy-3-[(9Z,12Z)-octadeca-9,12-dienoxy]propan-2-yl] (4Z,7Z,10Z,13Z,16Z,19Z)-docosa-4,7,10,13,16,19-hexaenoate",138283942
WVGALBKSWOUIEZ-ULUZTLKMSA-N,Phosphatidylethanolamine alkenyl 16:0-22:6,134777290
CEVVUBCHWNKKNN-VDLQPGGRSA-N,1-octadecyl-2-(9Z-octadecenoyl)-glycero-3-phosphoethanolamine,52924982
CQHMZFNQRVSRPW-HLMRNWPHSA-N,"[1-[2-aminoethoxy(hydroxy)phosphoryl]oxy-3-octadecoxypropan-2-yl] (9Z,12Z,15Z)-octadeca-9,12,15-trienoate",138137779
MXSLQGMWLWDDHB-YVCOGYDTSA-N,"[1-[2-aminoethoxy(hydroxy)phosphoryl]oxy-3-tetradecoxypropan-2-yl] (13Z,16Z)-tetracosa-13,16-dienoate",138215641
UZKXXUJVNWVEAA-GWWWPDGYSA-N,Phosphatidylethanolamine alkenyl 18:0-20:5,134772254
QIQGIECOBDSDSX-IVGDTRDPSA-N,"[1-[2-aminoethoxy(hydroxy)phosphoryl]oxy-3-[(9Z,12Z,15Z)-octadeca-9,12,15-trienoxy]propan-2-yl] (8Z,11Z,14Z,17Z)-icosa-8,11,14,17-tetraenoate",138244210
GZMXKUALKXYCMM-XSEHFSNESA-N,Phosphatidylethanolamine alkenyl 18:0-22:4,134734287
NKXPONDLZHZZND-PKBJNFAXSA-N,"[1-[2-aminoethoxy(hydroxy)phosphoryl]oxy-3-[(Z)-octadec-9-enoxy]propan-2-yl] (7Z,10Z,13Z,16Z,19Z)-docosa-7,10,13,16,19-pentaenoate",138219791
ZOSSFCIAXYNTHL-CSTBBDSDSA-N,1-(1-Enyl-oleoyl)-2-palmitoyl-sn-glycero-3-phosphoethanolamine,53480893
OBAAWAYLQLYWNN-KHFVPPDWSA-N,1-(1-Enyl-oleoyl)-2-stearoyl-sn-glycero-3-phosphoethanolamine,53480895
ADWDFBQPQIEGRZ-XBICFDGKSA-N,"PE(P-18:1(11Z)/18:3(6Z,9Z,12Z))",53480870
RLLOITCRNQRGJD-DFAKUSJGSA-N,"PE(P-16:0/20:5(5Z,8Z,11Z,14Z,17Z))",52925061
IGBDUBDKFYMFHJ-UHFFFAOYSA-N,,
KQDZBNVXKAEDAT-UHFFFAOYSA-N,,
ZTZQZGHJLWFLFQ-VZBWJDOASA-N,"PE(P-18:0/20:4(8Z,11Z,14Z,17Z))",53480855
URPXXNCTXCOATD-FXMFQVEGSA-N,"[R-(all-Z)]-5,8,11,14-Eicosatetraenoic acid",86289532
IQSPCSIULMCRPM-ZAJUHDLGSA-N,"PE(20:4(8Z,11Z,14Z,17Z)/P-18:1(9Z))",53479831
IYADYBNFZSWUNC-UHFFFAOYSA-N,,
HHQFKPJXVYWLLJ-ABYSKWQHSA-N,"PE(P-18:0/22:5(4Z,7Z,10Z,13Z,16Z))",53480857
WVSSIRPRBPEKCQ-UHFFFAOYSA-N,,
FIJFPUAJUDAZEY-UHFFFAOYSA-N,"[1-[2-Aminoethoxy(hydroxy)phosphoryl]oxy-3-octadec-1-enoxypropan-2-yl] docosa-4,7,10,13,16,19-hexaenoate",74819122
MLHVKKWOXVSPDG-VLGSPTGOSA-N,PEtOH 16:0_16:1,138211560
JCABVIFDXFFRMT-VXPUYCOJSA-N,PEtOH 16:0_18:1,56640029
QTIJJMLOUMWMQQ-BUPHOURSSA-N,PEtOH 16:0_20:4,138247565
BHQKOVPFLAAQTH-IQRFGFHNSA-N,PEtOH 16:1_16:1,138126591
SQEHUBDFCCVGCJ-FRKBGCJLSA-N,PEtOH 16:1_18:1,138263544
JSNRLDUOKDFFEU-WRBBJXAJSA-N,PEtOH 18:1_18:1,10283746
GPUYXMCSIACMOK-YBDJVEANSA-N,PEtOH 18:1_20:4,138162825
KDFIYBDWNQKADP-UHFFFAOYSA-N,"[1-[2,3-Dihydroxypropoxy(hydroxy)phosphoryl]oxy-3-hexadecanoyloxypropan-2-yl] icosa-11,14-dienoate",75959369
BRJYLBKRWAAAEC-UHFFFAOYSA-N,"[1-[2,3-Dihydroxypropoxy(hydroxy)phosphoryl]oxy-3-hexadec-9-enoyloxypropan-2-yl] docosa-4,7,10,13,16,19-hexaenoate",75960065
XACKZSRNTPEYBU-GZSOIYOPSA-N,Phosphatidylglyceride 22:6-22:6,134777753
QDRJMAHGAQYRIN-PKKQLAOCSA-N,Phosphatidylethanolamine alkenyl 16:0-20:4,134760384
QBAQUPWJTLVJBD-CZAAGYDRSA-N,Phosphatidylethanolamine alkenyl 18:0-18:2,134760121
RZFIPFIGUWXYNB-UHFFFAOYSA-N,"[1-[Hydroxy-(2,3,4,5,6-pentahydroxycyclohexyl)oxyphosphoryl]oxy-3-octadecanoyloxypropan-2-yl] icosa-11,14-dienoate",75961260
KRTOMQDUKGRFDJ-UHFFFAOYSA-N,"[1-[Hydroxy-(2,3,4,5,6-pentahydroxycyclohexyl)oxyphosphoryl]oxy-3-octadecanoyloxypropan-2-yl] icosa-5,8,11,14-tetraenoate",72280035
OOSPMTMUZPWTKZ-DCMOKHIZSA-N,"[1-[hydroxy-(2,3,4,5,6-pentahydroxycyclohexyl)oxyphosphoryl]oxy-3-[(Z)-octadec-9-enoyl]oxypropan-2-yl] (10Z,13Z,16Z,19Z)-docosa-10,13,16,19-tetraenoate",138229402
QHPDGSFYNQHVMI-UHFFFAOYSA-N,"[1-[Hydroxy-(2,3,4,5,6-pentahydroxycyclohexyl)oxyphosphoryl]oxy-3-octadec-9-enoyloxypropan-2-yl] docosa-4,7,10,13,16,19-hexaenoate",75960351
RNXWIPLNUTUDRT-YHSIYXGOSA-N,,
PDLAMJKMOKWLAJ-AGORXRROSA-N,1-hexadecanoyl-2-(9Z-octadecenoyl)-sn-glycero-3-phospho-(1'-myo-inositol),5771758
GIASXRZRWQSUOZ-QGLGPCELSA-N,"[1-[hydroxy-(2,3,4,5,6-pentahydroxycyclohexyl)oxyphosphoryl]oxy-3-octanoyloxypropan-2-yl] (15Z,18Z)-hexacosa-15,18-dienoate",138160318
ZPUUVEHXYAPJAQ-KOHXHNRGSA-N,,
YOBFISPJJWPPTK-JUCSSFOXSA-N,,
KZVRAFHIKMDULK-PDPKURFXSA-N,,
UPMVFTFJRCVMKL-PVJQQWEWSA-N,,
MXJMOLQIXMJUEL-UHFFFAOYSA-N,"[3-[Hydroxy-(2,3,4,5,6-pentahydroxycyclohexyl)oxyphosphoryl]oxy-2-octadeca-9,12-dienoyloxypropyl] octadec-9-enoate",74413360
WPXXYOUAQYYXER-BFRKKRKTSA-N,,
FQGSWQFJOVVRRB-UHFFFAOYSA-N,"[1-Hexadecanoyloxy-3-[hydroxy-(2,3,4,5,6-pentahydroxycyclohexyl)oxyphosphoryl]oxypropan-2-yl] icosa-5,8,11,14,17-pentaenoate",75961205
RORLLARSMMOWBD-UHFFFAOYSA-N,,
VVADTISLHXZLIB-WNWAWKNRSA-N,,
KRTOMQDUKGRFDJ-MWZLTEOLSA-N,PI(38:4),42607491
SUYDNPBYMBTSMM-UHFFFAOYSA-N,"[1-[Hydroxy-(2,3,4,5,6-pentahydroxycyclohexyl)oxyphosphoryl]oxy-3-octadecanoyloxypropan-2-yl] icosa-5,8,11,14,17-pentaenoate",75961187
FRECHIGMANZWMF-REJVNYKHSA-N,"[1-[hydroxy-(2,3,4,5,6-pentahydroxycyclohexyl)oxyphosphoryl]oxy-3-[(Z)-tetradec-9-enoyl]oxypropan-2-yl] (12Z,15Z,18Z,21Z)-tetracosa-12,15,18,21-tetraenoate",138154940
QSUYYEJLNWCMIO-SIZJMFNESA-N,,
VKRDRDRLFSZIGY-UHFFFAOYSA-N,,
MMIJVISGGKKHBW-UHFFFAOYSA-N,,
VAARQXKGNHCRDF-HNENSFHCSA-N,PMeOH 16:0_18:1,91844613
PXPCKHZLDQZOMG-DUZKARGPSA-N,PMeOH 16:0_18:2,138240731
GLAIFIDZABIAJR-KHDVSGDZSA-N,PMeOH 16:0_20:4,138161235
LENHBQCNGGGSJY-UHFFFAOYSA-N,,
BAGQGBPETWVHAA-BHYOAKPMSA-N,"2-amino-3-[[2-[(10Z,13Z,16Z,19Z)-docosa-10,13,16,19-tetraenoyl]oxy-3-hexadecanoyloxypropoxy]-hydroxyphosphoryl]oxypropanoic acid",138124235
LYYHRRPTEXPVOR-UHFFFAOYSA-N,"2-Amino-3-[(2-docosa-4,7,10,13,16,19-hexaenoyloxy-3-octadecanoyloxypropoxy)-hydroxyphosphoryl]oxypropanoic acid",75228707
BWQAJZLCZFRDSD-UHFFFAOYSA-N,2-Amino-3-[(2-hexadec-9-enoyloxy-3-octadecanoyloxypropoxy)-hydroxyphosphoryl]oxypropanoic acid,75958912
AJFWREUFUPEYII-UHFFFAOYSA-N,2-Amino-3-[hydroxy-(3-octadecanoyloxy-2-octadec-9-enoyloxypropoxy)phosphoryl]oxypropanoic acid,72367181
WTBFLCSPLLEDEM-UHFFFAOYSA-N,Phosphatidylserine (bovine),3451126
DERBZMCOPJTRSZ-UHFFFAOYSA-N,"2-Amino-3-[hydroxy-(2-icosa-5,8,11,14,17-pentaenoyloxy-3-octadecanoyloxypropoxy)phosphoryl]oxypropanoic acid",75958909
BSOVXNXEEAGSTJ-UHFFFAOYSA-N,,
PZEFRSYCROBXSJ-UHFFFAOYSA-N,"2-Amino-3-[(2-docosa-7,10,13,16,19-pentaenoyloxy-3-octadecanoyloxypropoxy)-hydroxyphosphoryl]oxypropanoic acid",76042794
GBRAOBUNRZNGLG-UHFFFAOYSA-N,,
XCWVCMIJMLUUFH-NOWNJZKOSA-N,"[(4E,8E)-3-hydroxy-2-(octanoylamino)nonacosa-4,8-dienyl] 2-(trimethylazaniumyl)ethyl phosphate",164472176
WVZYDPLIGWKWEU-UHFFFAOYSA-N,,
NZVSGOQOFUVMHA-QOSDPKFLSA-N,[(E)-2-(heptacosanoylamino)-3-hydroxyoct-4-enyl] 2-(trimethylazaniumyl)ethyl phosphate,164360868
ZZVIPOLKRCCWFV-UHFFFAOYSA-N,,
QFCPIEOQTPOOTG-BIQXSSBLSA-N,"[(8E,12E,16E)-3,4-dihydroxy-2-[[(Z)-nonadec-9-enoyl]amino]octadeca-8,12,16-trienyl] 2-(trimethylazaniumyl)ethyl phosphate",164390119
XNBRFUCJENKXCT-UHFFFAOYSA-N,,
WHKXGRORCVQZGF-UHFFFAOYSA-N,,
NVRRDYIOAREJKE-SLOFWGFHSA-N,"[(8E,12E,16E)-3,4-dihydroxy-2-(tricosanoylamino)octadeca-8,12,16-trienyl] 2-(trimethylazaniumyl)ethyl phosphate",164358775
RHYSATSRWWXZCK-UHFFFAOYSA-N,,
JGIRWGSINKJOLC-UHFFFAOYSA-N,,
MKGAEKLQDPHZOP-UHFFFAOYSA-N,,
VZNHWRBHBFCCRZ-UHFFFAOYSA-N,,
HZCLJRFPXMKWHR-FEBLJDHQSA-N,N-(dodecanoyl)-sphing-4-enine-1-phosphocholine,44260123
FJYURYAFGRADQP-WSYRTZMQSA-N,N-(heptadecanoyl)-4E-tetradecasphingenine-1-phosphocholine,134729785
MJAFYELZQYPMQG-MPQUPPDSSA-N,C14DH Sphingomyelin,44260138
OMRILSIMTXCAPB-UHFFFAOYSA-N,[3-Hydroxy-2-(tridecanoylamino)nonadecyl] 2-(trimethylazaniumyl)ethyl phosphate,133040069
KYICBZWZQPCUMO-PSALXKTOSA-N,C14 Sphingomyelin,11433862
PEJGMBUENJSLLH-RHAKMSQVSA-N,"N-(tetradecanoyl)-4E,14Z-sphingadienine-1-phosphocholine",52931131
LQINJRUGTUOHGS-YPDYIYJKSA-N,N-(pentadecanoyl)-sphing-4-enine-1-phosphocholine,52931139
QHZIGNLCLJPLCU-QPPIDDCLSA-N,N-Palmitoyldihydrosphingomyelin,9939965
RWKUXQNLWDTSLO-GWQJGLRPSA-N,Palmitoyl sphingomyelin,9939941
YLWSJLLZUHSIEA-CKSUKHGVSA-N,"N-(hexadecanoyl)-4E,14Z-sphingadienine-1-phosphocholine",
LDJGVBCPOLCJJN-DQRAZIAOSA-N,[2-[[(Z)-henicos-9-enoyl]amino]-3-hydroxytetradecyl] 2-(trimethylazaniumyl)ethyl phosphate,138200616
HVVDGWWLGYBUAB-JYDNXXCZSA-N,[(E)-2-[[(Z)-henicos-9-enoyl]amino]-3-hydroxytetradec-4-enyl] 2-(trimethylazaniumyl)ethyl phosphate,138173078
JCELSEVNSMXGKA-IOLBBIBUSA-N,N-(octadecanoyl)-sphinganine-1-phosphocholine,44260130
LKQLRGMMMAHREN-YJFXYUILSA-N,Sphingomyelin (D18:1/18:0),6453725
NBEADXWAAWCCDG-QDDWGVBQSA-N,N-(9Z-octadecenoyl)-sphing-4-enine-1-phosphocholine,6443882
SVZHNUJIDJZSFP-UHFFFAOYSA-N,,
GPOGSMIDYBSWAT-UDBQMCEJSA-N,"[(4E,8E,12E)-3-hydroxy-2-[[(Z)-tetradec-9-enoyl]amino]docosa-4,8,12-trienyl] 2-(trimethylazaniumyl)ethyl phosphate",138162742
HAFQHLHNPJDAGB-MAJDXUCPSA-N,N-(nonadecanoyl)-sphing-4-enine-1-phosphocholine,52931171
AADLTHQNYQJHQV-SVLGDMRNSA-N,C20 Sphingomyelin,44260124
MDRFMTLYKHBJTF-NQYLGBTJSA-N,N-(11Z-eicosenoyl)-sphing-4-enine-1-phosphocholine,52931179
SDUGEKJCGFHJRC-IYXZHQORSA-N,"N-(heneicosanoyl)-4E,14Z-sphingadienine-1-phosphocholine",52931187
VBFKEZGCUWHGSK-ADSSWVSQSA-N,N-(13Z-docosenoyl)-sphing-4-enine-1-phosphocholine,52931203
JBDGKEXQKCCQFK-JWQIMADESA-N,"N-(tricosanoyl)-4E,14Z-sphingadienine-1-phosphocholine",52931209
DACOGJMBYLZYDH-GXJPFUDISA-N,"N-(tetracosanoyl)-4E,14Z-sphingadienine-1-phosphocholine",52931217
XOAAWQZATWQOTB-UHFFFAOYSA-N,2-aminoethanesulfonic acid,1123
PGYNJJCWPCAGLG-BDUYNUQCSA-N,1-tetradecanoyl-2-hexadecanoyl-3-(9Z-heptadecenoyl)-sn-glycerol,56938013
YWKYRFUPKVVPAH-UHFFFAOYSA-N,(3-Hexadecanoyloxy-2-octadec-9-enoyloxypropyl) icosanoate,85034455
GLZHPWPMVDTTOB-HHDDAWPXSA-N,"[1-[(9Z,12Z)-hexadeca-9,12-dienoyl]oxy-3-[(9Z,12Z,15Z)-octadeca-9,12,15-trienoyl]oxypropan-2-yl] (9Z,12Z)-octadeca-9,12-dienoate",165216290
HFCKOGWQFCDRLW-UHFFFAOYSA-N,(3-Octadecanoyloxy-2-octadec-9-enoyloxypropyl) docosanoate,53874005
OWYSBHPRWHZONR-MOKVCOEPSA-N,"2,3-bis[[(9Z,12Z)-nonadeca-9,12-dienoyl]oxy]propyl (9Z,12Z)-nonadeca-9,12-dienoate",165271413
DUXYWXYOBMKGIN-UHFFFAOYSA-N,Trimyristin,11148
UXWDTZNNQVHGSG-UHFFFAOYSA-N,"1,3-Ditetradecanoyl-2-hexade-canoyl-glycerol",14169768
JWVXCFSNEOMSHH-UHFFFAOYSA-N,"1,2-Dipalmitoyl-3-myristoyl-rac-glycerol",4099879
RSDIQTNCDWUNDP-VHXPQNKSSA-N,"1,2-Dimyristoyl-3-oleoyl glycerol",11764207
XUEMVUXNOCIHLG-MOFPORNTSA-N,"1-tetradecanoyl-2,3-di-(9Z-hexadecenoyl)-sn-glycerol",56936582
PVNIQBQSYATKKL-UHFFFAOYSA-N,Tripalmitin,11147
FEKLSEFRUGWUOS-DLOIZKPKSA-N,"1,2-dihexadecanoyl-3-(9Z-hexadecenoyl)-sn-glycerol",9543986
RUOVJPPUXXFZPC-YZEIBMOJSA-N,TG(16:0/16:1(9Z)/16:1(9Z))[iso3],9543987
TTWJTJMWHOYBPQ-ANFMRNGASA-N,"1,2-Dihexadecanoyl-3-heptadecanoyl-sn-glycerol",9543988
GVAHTORNFUNLJZ-UHFFFAOYSA-N,,
UNLQNCABWOVYJJ-UHFFFAOYSA-N,,
MARPCPMDFOPPJX-UHFFFAOYSA-N,TG(18:0/14:0/18:0)[iso3],545588
YHMDGPZOSGBQRH-YYSBDVFPSA-N,"1,2-dihexadecanoyl-3-(9Z-octadecenoyl)-sn-glycerol",25240460
TWJCMQZMAPGUSG-UHFFFAOYSA-N,(3-Hexadecanoyloxy-2-hexadec-9-enoyloxypropyl) octadec-9-enoate,85034325
QEZWFCZNHWUARW-XQCAQTCHSA-N,Tracylglycerol(18:0/16:1/16:1),9544010
UFHNZOACKFBCOM-YXKNDSBASA-N,TG(16:1(9Z)/16:1(9Z)/18:1(9Z))[iso3],25240357
HDFLQJUGWGNORO-UHFFFAOYSA-N,"(3-Hexadecanoyloxy-2-hexadec-9-enoyloxypropyl) octadeca-9,12-dienoate",85034333
PVMBAGXWHHZKFP-JMPJWMFJSA-N,"TG(16:1(9Z)/16:1(9Z)/18:2(9Z,12Z))[iso3]",25240359
OZAXLAGNPZMZAD-BOEMPQCLSA-N,"1,2-diheptadecanoyl-3-(9Z-heptadecenoyl)-sn-glycerol",9544006
QLIUVBJPQMDRHV-UHFFFAOYSA-N,,
ISSGPXMQOMAFMJ-DMGKHJLRSA-N,"1,2,3-tri-(9Z-heptadecenoyl)-glycerol",9544023
SDNYRTVJOFMYIW-OIVUAWODSA-N,"1-Hexadecanoyl-2,3-dioctadecanoyl-sn-glycerol",545690
NPCZZYKITFKRQZ-RFBIWTDZSA-N,[1-hexadecanoyloxy-3-[(Z)-octadec-9-enoyl]oxypropan-2-yl] octadecanoate,5365005
DQXQIWIQYYEGLG-MMWLGPPDSA-N,"1-tetradecanoyl-2-(9Z,12Z-octadecadienoyl)-3-(11Z-eicosenoyl)-sn-glycerol",56938177
KGLAHZTWGPHKFF-UHFFFAOYSA-N,"9-octadecenoic acid [1-(1-oxohexadecoxy)-3-(1-oxooctadeca-9,12-dienoxy)propan-2-yl] ester",53394304
WHSWXEYWNPTUPW-HNJDVRDNSA-N,"TG(16:1(9Z)/18:1(9Z)/18:2(9Z,12Z))[iso6]",25240364
CQZAAIKPSLHIBC-KDJOUNIJSA-N,"TG(16:1(9Z)/18:2(9Z,12Z)/18:2(9Z,12Z))[iso3]",25240366
SSOSFUDNINFYLJ-KIYGNKBKSA-N,"1-tetradecanoyl-2-(9Z,12Z-octadecadienoyl)-3-(5Z,8Z,11Z,14Z-eicosatetraenoyl)-sn-glycerol",56938180
WWJIBIGWKGFVAQ-JNSYTQKUSA-N,"1-(9Z-heptadecenoyl)-2,3-dioctadecanoyl-sn-glycerol",9544081
IDUAWMUEKRFTEE-UHFFFAOYSA-N,,
NIBMDPFMDDQNNX-UHFFFAOYSA-N,,
BMSDHYZLQWTKSQ-LSJAAEOESA-N,"1-(9Z,12Z-heptadecadienoyl)-2,3-di-(9Z-octadecenoyl)-sn-glycerol",9544152
FJGQAOZVLVTFLT-HGQZSUFJSA-N,"[1-[(Z)-heptadec-7-enoyl]oxy-3-[(11Z,13Z,15Z)-octadeca-11,13,15-trienoyl]oxypropan-2-yl] (10Z,12Z)-octadeca-10,12-dienoate",138152411
JFSALBNUDIAEFO-UHFFFAOYSA-N,,
KKBWDSMULWDHME-UHFFFAOYSA-N,1-Arachidonyl-2-myristoyl-3-arachidonyl-glycerol,131756478
YFFIQXNTTVSKJC-NZEOUKRFSA-N,"1,2-dioctadecanoyl-3-(9Z-octadecenoyl)-sn-glycerol",16058371
WUUWGORPQFKFQN-XDVOZUNOSA-N,"1-tetradecanoyl-2-(9Z,12Z-octadecadienoyl)-3-docosanoyl-sn-glycerol",56938183
CNGSOZKJBWHOEG-UHFFFAOYSA-N,"octadecanoic acid [3-(1-oxooctadeca-9,12-dienoxy)-2-(1-oxooctadec-9-enoxy)propyl] ester",3531156
BRLGHZXETDWABO-NOFIOOQLSA-N,"1-octadecanoyl-2-(9Z-octadecenoyl)-3-(9Z,12Z,15Z-octadecatrienoyl)-sn-glycerol",9544255
OEJXMJPFOHYSIU-GRLFFVHSSA-N,"TG(18:1(9Z)/18:1(9Z)/18:3(9Z,12Z,15Z))[iso3]",9544294
VVEBTVMJPTZDHO-UHFFFAOYSA-N,"9-octadecenoic acid 2,3-bis(1-oxooctadeca-9,12-dienoxy)propyl ester",4123012
HBOQXIRUPVQLKX-BBWANDEASA-N,Trilinolein,5322095
OSQWVKFDDMZRTJ-UHFFFAOYSA-N,,
RBBGBIMRJNLGIC-AOEVTFCNSA-N,1-Pentadecanoyl-2-vaccenoyl-3-docosahexaenoyl-glycerol,131754375
OCYFAHIHWCVZKS-FHSLLVMSSA-N,1-octadecanoyl-2-(9Z-octadecenoyl)-3-eicosanoyl-sn-glycerol,9544345
PDEQUPGHMOMBFC-FYEHETCMSA-N,"1-octadecanoyl-2-(9Z,12Z-octadecadienoyl)-3-eicosanoyl-sn-glycerol",9544390
QXMHHXQBBKDSSL-UHFFFAOYSA-N,"2,3-Di(octadec-9-enoyloxy)propyl icos-11-enoate",85034703
RHGAXCJSYVVFNV-UHFFFAOYSA-N,,
UHEJWASONFIROS-YPSHDQQVSA-N,"1,2-di-(9Z,12Z-octadecadienoyl)-3-(11Z-eicosenoyl)-sn-glycerol",25240380
ZTNDRFCABXFVMY-WJTCTALZSA-N,"TG(18:2(9Z,12Z)/18:2(9Z,12Z)/20:2(11Z,14Z))[iso3]",9544625
BLNSKVFNUJRUQY-UHFFFAOYSA-N,,
DODZUDCYRVWEOJ-GKZBLMSTSA-N,"1,2-di-(9Z,12Z-octadecadienoyl)-3-(8Z,11Z,14Z-eicosatrienoyl)-sn-glycerol",9544695
OQPANTOJGGHRCB-OEIGHXOUSA-N,,
IWHAIDBTHLHHMB-UHFFFAOYSA-N,,
NFQQJRGJJVQGAV-MEADVOAOSA-N,"1-tetradecanoyl-2-docosanoyl-3-(13Z,16Z-docosadienoyl)-sn-glycerol",56938341
RFMSTHTUAZETPD-UHFFFAOYSA-N,(2-Icos-11-enoyloxy-3-octadec-9-enoyloxypropyl) icos-11-enoate,85034984
CCKRHDUCFMOBKX-AAINFQTBSA-N,"1-octadecanoyl-2-eicosanoyl-3-(5Z,8Z,11Z,14Z-eicosatetraenoyl)-sn-glycerol",9544835
XHVVLSLXKHPZQL-UHFFFAOYSA-N,,
FKOQTZUEHKHGIP-UHFFFAOYSA-N,,
KVOXCTRWVFVTEO-SPKJYZRXSA-N,[2-docosanoyloxy-3-[(Z)-octadec-9-enoyl]oxypropyl] tetracosanoate,132979969
WRHBANXXQKCUJB-HNENSFHCSA-N,(2-decanoyloxy-3-octanoyloxypropyl) (Z)-octadec-9-enoate,164466143
NHSWSPYXJYXVEL-UHFFFAOYSA-N,,
OJLSAGRRRSYFIU-UHFFFAOYSA-N,,
AONBTYWVDWBDFQ-UHFFFAOYSA-N,,