lipid,VIP,identifier,PubChem.CID,Chemical.Name,INCHIKEY
PMeOH 16:0_18:1 ,2.01852702525942,2.09_687.50,91844613,PMeOH 16:0_18:1,VAARQXKGNHCRDF-HNENSFHCSA-N
PMeOH 16:0_18:2 ,1.82271850771307,1.90_685.48,138240731,PMeOH 16:0_18:2,PXPCKHZLDQZOMG-DUZKARGPSA-N
PE 40:7|PE 18:1_22:6,1.67723384362223,2.12_788.52,75955284,[1-[2-Aminoethoxy(hydroxy)phosphoryl]oxy-3-octadec-9-enoyloxypropan-2-yl] docosa-4,7,10,13,16,19-hexaenoate,JZSZAGWWWKKXLO-UHFFFAOYSA-N
LPC 20:2 ,1.65876593961336,0.76_606.38,52924053,Lysophosphatidylcholine(20:2),YYQVCMMXPIJVHY-ZOIJLGJPSA-N
PE P-36:1 or PE O-36:2,1.61186309562642,2.79_728.56,53480895,1-(1-Enyl-oleoyl)-2-stearoyl-sn-glycero-3-phosphoethanolamine,OBAAWAYLQLYWNN-KHFVPPDWSA-N
PC O-18:0_16:0 ,1.59483501847664,2.75_806.63,24779324,3-(Octadecyloxy)-2-(palmitoyloxy)propyl 2-(trimethylammonio)ethyl phosphate,GTFLTTXDLGEBAI-UHFFFAOYSA-N
PE 38:7|PE 18:2_20:5 Isomer B,1.59319477012906,1.86_760.49,75957373,[1-[2-Aminoethoxy(hydroxy)phosphoryl]oxy-3-octadeca-9,12-dienoyloxypropan-2-yl] icosa-5,8,11,14,17-pentaenoate,AJTJVNKPLZTLHV-UHFFFAOYSA-N
PC P-36:2 or PC O-36:3 ,1.57480568092229,2.36_770.61,53480801,PC(P-18:1(9Z)/18:1(9Z)),DIHWZUCEXWUHOD-IIVNATNGSA-N
PE O-16:1_18:1 ,1.5725504559481,2.40_702.54,138251610,[1-[2-aminoethoxy(hydroxy)phosphoryl]oxy-3-[(Z)-hexadec-9-enoxy]propan-2-yl] (Z)-octadec-9-enoate,RFPQMVKZNQOUGY-KXYOHKLBSA-N
Cer d34:0 ,1.55789170607411,2.45_574.50_2.45_598.54_2.45_538.52,5283572,N-(hexadecanoyl)-sphinganine,GCGTXOVNNFGTPQ-JHOUSYSJSA-N
SM d36:0 ,1.55491423689746,2.42_791.63,44260130,N-(octadecanoyl)-sphinganine-1-phosphocholine,JCELSEVNSMXGKA-IOLBBIBUSA-N
LPE 22:6 ,1.54496903388281,0.46_524.28,52925132,Lyso-PE(22:6w3/0:0),XEVRBOQZSXWGQO-PAUXXPOVSA-N
PC 18:2_20:5 ,1.53145747993726,1.83_862.56,24778981,[2-[(5Z,8Z,11Z,14Z,17Z)-icosa-5,8,11,14,17-pentaenoyl]oxy-3-[(9Z,12Z)-octadeca-9,12-dienoyl]oxypropyl] 2-(trimethylazaniumyl)ethyl phosphate,HRBNRYBXXRPMKP-OMCHRGCMSA-N
PC P-36:1 or PC O-36:2,1.52650355715906,2.42_772.62,52923754,PC(O-16:0/20:2(11Z,14Z)),ZYLPVUZBZNMVMR-ZBBHDILGSA-N
PC P-36:1 or PC O-36:2,1.52650355715906,2.59_772.62,52923754,PC(O-16:0/20:2(11Z,14Z)),ZYLPVUZBZNMVMR-ZBBHDILGSA-N
PE P-34:1 or PE O-34:2 ,1.49566415251097,2.54_700.53,53480893,1-(1-Enyl-oleoyl)-2-palmitoyl-sn-glycero-3-phosphoethanolamine,ZOSSFCIAXYNTHL-CSTBBDSDSA-N
PE 34:1 ,1.49474780995468,2.43_716.52,134763376,Phosphatidylethanolamine 16:0-18:1,RECBGBLFDMTQRS-SGEDCAFJSA-N
PC O-36:1 ,1.49083748753778,2.63_774.64,138138968,[2-[(Z)-docos-13-enoyl]oxy-3-tetradecoxypropyl] 2-(trimethylazaniumyl)ethyl phosphate,CTZJPIRYGNJXMR-MRCUWXFGSA-N
TG 54:5 Isomer A ,1.49022169347147,3.72_919.71,9544294,TG(18:1(9Z)/18:1(9Z)/18:3(9Z,12Z,15Z))[iso3],OEJXMJPFOHYSIU-GRLFFVHSSA-N
PC 34:4 Isomer B ,1.48397810536653,1.90_812.54,52922891,PC(18:4(6Z,9Z,12Z,15Z)/16:0),YWDDIWXKFJEMKF-JTZVLWBESA-N
LPC 20:1 ,1.48197870794739,1.01_608.39,24779475,1-(9Z-eicosenoyl)-sn-glycero-3-phosphocholine,GJTDRNFWIDPARY-GTPZACKGSA-N
SM d34:0 ,1.48044085659517,2.18_763.60,9939965,N-Palmitoyldihydrosphingomyelin,QHZIGNLCLJPLCU-QPPIDDCLSA-N
SM d38:1 ,1.47165960516612,2.60_817.64,44260124,C20 Sphingomyelin,AADLTHQNYQJHQV-SVLGDMRNSA-N
PC 16:1/18:4 ,1.45900913973542,1.67_752.52,24778769,PC(16:1(9Z)/18:4(6Z,9Z,12Z,15Z)),ZNSRWHZSOOOECB-IHLJWWGMSA-N
SM d32:0 ,1.45607644730705,1.82_677.56,44260138,C14DH Sphingomyelin,MJAFYELZQYPMQG-MPQUPPDSSA-N
PC 31:1 ,1.45577147446279,1.90_718.54,24778657,1-pentadecanoyl-2-(9Z-hexadecenoyl)-sn-glycero-3-phosphocholine,QFVHCMLUKNHDSH-WTWBAFHPSA-N
PC O-34:0 Isomer B,1.44794069438744,2.61_748.62,24779361,[(2R)-2-hexadecoxy-3-octadecanoyloxypropyl] 2-(trimethylazaniumyl)ethyl phosphate,ZKTXOJMFIAILJG-VQJSHJPSSA-N
PC 36:6 ,1.43914641008254,1.74_778.54_1.77_800.52,52922847,PC(18:3(9Z,12Z,15Z)/18:3(6Z,9Z,12Z)),SPWBDEZMKCRQSX-NGPPOSSDSA-N
PC 39:6 ,1.4362632095022,2.01_820.59_2.02_842.57,52922637,1-(9Z,12Z-heptadecadienoyl)-2-(7Z,10Z,13Z,16Z-docosatetraenoyl)-glycero-3-phosphocholine,QMCWOGICYCFNBF-BWHZRABLSA-N
LPE 20:4 ,1.42912627579979,0.48_500.28,53480952,LysoPE(20:4(8Z,11Z,14Z,17Z)/0:0),JPNPIRVRGLGTRE-YSKCIPFOSA-N
PMeOH 36:4 ,1.42909774054743,1.87_709.48,138161235,PMeOH 16:0_20:4,GLAIFIDZABIAJR-KHDVSGDZSA-N
LPC 22:6 ,1.42482717769754,0.45_568.34,10415542,LPC(22:6/0:0),LSOWKZULVQWMLY-APPDJCNMSA-N
PE 36:5|PE 16:0_20:5,1.42189754138881,1.90_738.51,75957871,[1-[2-Aminoethoxy(hydroxy)phosphoryl]oxy-3-hexadecanoyloxypropan-2-yl] icosa-5,8,11,14,17-pentaenoate,KHLRCNXJXSYNCK-UHFFFAOYSA-N
PE 36:1 ,1.42020101663621,2.67_744.55,25244969,2-azaniumylethyl [3-octadecanoyloxy-2-[(Z)-octadec-9-enoyl]oxypropyl] phosphate,JQKOHRZNEOQNJE-ZZEZOPTASA-N
PC 16:0_18:2 ,1.41013432426398,2.18_792.53,122218,[3-(1-oxohexadecoxy)-2-(1-oxooctadeca-9,12-dienoxy)propyl] 2-(trimethylammonio)ethyl phosphate,JLPULHDHAOZNQI-UHFFFAOYSA-N
PC 36:5 Isomer B ,1.40033834199877,1.97_838.56,24778771,PC(16:1(9Z)/20:4(5Z,8Z,11Z,14Z)),DYDDZDMJSQYFGN-OIVUZXIWSA-N
SM d32:0 Isomer B ,1.39773973052811,1.92_735.57,133040069,[3-Hydroxy-2-(tridecanoylamino)nonadecyl] 2-(trimethylazaniumyl)ethyl phosphate,OMRILSIMTXCAPB-UHFFFAOYSA-N
PC 14:0_16:1 ,1.39435062343387,1.80_704.52,24778615,1-tetradecanoyl-2-(9Z-hexadecenoyl)-sn-glycero-3-phosphocholine,XGGMHQYOVYWRLV-IZNHTBNISA-N
PC 34:0,1.38622191713095,2.46_762.60,24778686,1-Hexadecanoyl-2-octadecanoyl-sn-glycero-3-phosphocholine,PZNPLUBHRSSFHT-RRHRGVEJSA-N
PC 34:2 Isomer B,1.37928767592885,2.16_816.58,5287971,Lecithin,JLPULHDHAOZNQI-ZTIMHPMXSA-N
PC 33:2 Isomer A,1.3661196530903,1.96_744.55_1.91_766.54,52922715,1-(9Z,12Z-octadecadienoyl)-2-pentadecanoyl-glycero-3-phosphocholine,SBNDHGBVMZMSNL-UESLNCBNSA-N
PC 36:1 Isomer B,1.35696810283936,2.62_846.62,24778825,1-Stearoyl-2-oleoyl-sn-glycero-3-phosphocholine,ATHVAWFAEPLPPQ-VRDBWYNSSA-N
TG 54:6 Isomer A ,1.35143320413479,3.59_917.71_3.59_896.78,5322095,Trilinolein,HBOQXIRUPVQLKX-BBWANDEASA-N
Cer-NDS d36:0 ,1.35074858249292,2.69_566.55,4255985,N-(1,3-dihydroxyoctadecan-2-yl)octadecanamide,KZTJQXAANJHSCE-UHFFFAOYSA-N
PC 36:1 Isomer A,1.35068044728306,2.47_788.62,24778825,1-Stearoyl-2-oleoyl-sn-glycero-3-phosphocholine,ATHVAWFAEPLPPQ-VRDBWYNSSA-N
TG 54:4 ,1.34932498193126,3.86_921.74_3.88_900.81,9544255,1-octadecanoyl-2-(9Z-octadecenoyl)-3-(9Z,12Z,15Z-octadecatrienoyl)-sn-glycerol,BRLGHZXETDWABO-NOFIOOQLSA-N
DG 38:6 ,1.34707242525182,2.26_679.47_2.25_658.54,9543795,DG(18:3(9Z,12Z,15Z)/20:3(8Z,11Z,14Z)/0:0),YDVDXUYJFQLPEG-CTHJWPIASA-N
PC 36:5 Isomer D ,1.34528506910076,1.88_780.56_1.87_802.54,52923341,PC(20:5(5Z,8Z,11Z,14Z,17Z)/16:0),SUZYROYNFNQALJ-MHEIZRSESA-N
MGDG 16:0_20:5 ,1.33152186337923,1.95_821.53,134732480,[(2S)-1-hexadecanoyloxy-3-[(2R,5R,6R)-3,4,5-trihydroxy-6-(hydroxymethyl)oxan-2-yl]oxypropan-2-yl] (5E,8E,11E,14E,17E)-icosa-5,8,11,14,17-pentaenoate,GIEIKQLTPYMKIQ-LPNQNMOLSA-N
PEtOH 16:0_16:1 ,1.3280493402661,1.97_673.48,138211560,PEtOH 16:0_16:1,MLHVKKWOXVSPDG-VLGSPTGOSA-N
PC 32:1 Isomer A,1.32322827330992,2.02_732.56_1.97_754.54,6443788,1-Palmitoyl-2-palmitoleoyl-sn-glycero-3-phosphocholine,QIBZFHLFHCIUOT-NPBIGWJUSA-N
LNAPE 20:4_N-19:1 ,1.31618107164091,2.14_778.53,165327881,Lnape 20:4/N-19:1,YGNHTBSNYNKPPR-QXHWDXSJSA-N
4-METHYL-2-OXO-PENTANOIC ACID ,1.31057886502389,0.19_129.06,70,4-Methyl-2-oxopentanoic acid,BKAJNAXTPSGJCU-UHFFFAOYSA-N
PC 40:8 Isomer B,1.30943714349188,1.90_888.58,53479093,PC(20:4(8Z,11Z,14Z,17Z)/20:4(8Z,11Z,14Z,17Z)),BFCSBEFTXQRIOJ-IMYLGOOQSA-N
PC O-34:0 Isomer A,1.30706141858184,2.39_748.61,164209620,(2-Hexacosanoyloxy-3-octoxypropyl) 2-(trimethylazaniumyl)ethyl phosphate,BNIFFRNYMGLGIV-UHFFFAOYSA-N
TG 54:3|TG 18:0_18:1_18:2,1.29870148981658,3.99_902.82,3531156,octadecanoic acid [3-(1-oxooctadeca-9,12-dienoxy)-2-(1-oxooctadec-9-enoxy)propyl] ester,CNGSOZKJBWHOEG-UHFFFAOYSA-N
PE 38:6 Isomer B ,1.29800658195192,2.03_762.51,6426738,[1-[2-aminoethoxy(hydroxy)phosphoryl]oxy-3-hexadecanoyloxypropan-2-yl] (4Z,7Z,10Z,13Z,16Z,19Z)-docosa-4,7,10,13,16,19-hexaenoate,MPWUZHVZZKSTPV-LGFBOSHVSA-N
LPE 20:5,1.29735797144979,0.38_500.28,75958074,[3-[2-Aminoethoxy(hydroxy)phosphoryl]oxy-2-hydroxypropyl] icosa-5,8,11,14,17-pentaenoate,KCWGBXXAJHVZNN-UHFFFAOYSA-N
PC 18:0_18:1 ,1.2967693927972,2.63_822.58,3033933,(3-Octadecanoyloxy-2-octadec-9-enoyloxypropyl) 2-(trimethylazaniumyl)ethyl phosphate,ATHVAWFAEPLPPQ-UHFFFAOYSA-N
PC 16:0_22:6 ,1.29655795873506,2.06_840.53,74063529,(2-Docosa-4,7,10,13,16,19-hexaenoyloxy-3-hexadecanoyloxypropyl) 2-(trimethylazaniumyl)ethyl phosphate,IESVDEZGAHUQJU-UHFFFAOYSA-N
PC 34:4 Isomer A,1.29069254186983,1.80_754.54,52922891,PC(18:4(6Z,9Z,12Z,15Z)/16:0),YWDDIWXKFJEMKF-JTZVLWBESA-N
PC 19:1 ,1.29001130424179,0.72_550.35,138312775,[3-acetyloxy-2-[(Z)-heptadec-9-enoyl]oxypropyl] 2-(trimethylazaniumyl)ethyl phosphate,ZHAHTCLACAJNQI-SEYXRHQNSA-N
DG 36:5 ,1.28914125013286,2.24_632.52,9543737,DG(18:2(9Z,12Z)/18:3(9Z,12Z,15Z)/0:0),PGXBELQFNRPKBC-WBVIKXMWSA-N
TG 52:3|TG 16:0_18:1_18:2,1.2861445406378,3.88_874.79,53394304,9-octadecenoic acid [1-(1-oxohexadecoxy)-3-(1-oxooctadeca-9,12-dienoxy)propan-2-yl] ester,KGLAHZTWGPHKFF-UHFFFAOYSA-N
PC 38:7 ,1.28383033040261,1.76_804.56_1.74_826.53,53479075,PC(20:4(8Z,11Z,14Z,17Z)/18:3(6Z,9Z,12Z)),BNNUJTATKJXKJP-XCDHYEIISA-N
PC 34:2 Isomer A,1.28359692349459,2.04_758.57,5287971,Lecithin,JLPULHDHAOZNQI-ZTIMHPMXSA-N
PC 40:8 Isomer A,1.28190807154702,1.80_830.57_1.80_852.55,53479127,PC(20:5(5Z,8Z,11Z,14Z,17Z)/20:3(5Z,8Z,11Z)),SIMZOWLEIOYZJX-VRCXRDLJSA-N
PC P-34:1 or PC O-34:2,1.2796962794221,2.31_802.60,53480735,1-(1-Enyl-vaccenoyl)-2-palmitoyl-sn-glycero-3-phosphocholine,MBRHHFWRXQYYAN-RTVLTNFHSA-N
PC P-34:1 or PC O-34:2,1.2796962794221,2.50_802.60,53480735,1-(1-Enyl-vaccenoyl)-2-palmitoyl-sn-glycero-3-phosphocholine,MBRHHFWRXQYYAN-RTVLTNFHSA-N
PC O-34:1|PC O-16:0_18:1,1.2736342452432,2.39_746.61,72730732,(3-Hexadecoxy-2-octadec-9-enoyloxypropyl) 2-(trimethylazaniumyl)ethyl phosphate,SIEDNCDNGMIKST-UHFFFAOYSA-N
PC 34:3 ,1.26151023596815,1.98_814.57,24778699,PC(16:0/18:3(6Z,9Z,12Z)),CNNSEHUKQJCGTE-UPPWDXJYSA-N
PE 34:0 ,1.26025570652777,2.42_718.54,6426734,Phosphatidylethanolamine 18:0-16:0,JRTZGTYHEHCHTM-UHFFFAOYSA-N
FAHFA 46:0 ,1.25516451264175,2.75_705.68,138125105,Fahfa 25:0/21:0,BCZDKPKCPSQECA-UHFFFAOYSA-N
Cer d40:1 ,1.25456512373791,3.11_656.58_3.11_620.60,5283567,N-docosanoylsphingosine,KEPQASGDXIEOIL-GLQCRSEXSA-N
PC 36:4 Isomer A ,1.25435463428801,1.88_782.57_1.89_804.55,52922783,PC(18:3(6Z,9Z,12Z)/18:1(9Z)),NKQPOVROGSWLTO-NVPMBMBWSA-N
PC O-33:0 ,1.25290366046127,2.44_734.60,164333045,(3-Octoxy-2-pentacosanoyloxypropyl) 2-(trimethylazaniumyl)ethyl phosphate,LXEGSWFXNDUGIV-UHFFFAOYSA-N
Cer d42:2 ,1.24982252111973,3.09_682.59_3.09_646.61_3.09_706.64,5283568,(Z)-N-[(E,2S,3R)-1,3-dihydroxyoctadec-4-en-2-yl]-15-tetracosenamide,VJSBNBBOSZJDKB-KPEYJIHVSA-N
Cer d40:2 ,1.24030141539777,2.86_654.56_2.86_678.60_2.86_618.58,52931123,N-(docosanoyl)-4E,14Z-sphingadienine,HILTUFAERVOALR-MQXYEJFFSA-N
Cer d32:1 ,1.2394755303468,2.11_544.45_2.11_568.49_2.11_508.47,5282310,N-(Tetradecanoyl)-sphing-4-enine,ZKRPGPZHULJLKJ-JHRQRACZSA-N
PC 31:0,1.23536451050269,2.10_720.56,14818904,(2-Hexadecanoyloxy-3-pentadecanoyloxypropyl) 2-(trimethylazaniumyl)ethyl phosphate,LLHISNQVRRYJGL-UHFFFAOYSA-N
PC 32:1 Isomer B,1.22861740207237,2.13_790.56,6443090,1-Palmitoyl-2-palmitoleoylphosphatidylcholine,QIBZFHLFHCIUOT-ZPHPHTNESA-N
TG 54:2 ,1.22583149310899,4.12_925.77_4.12_904.84,56938183,1-tetradecanoyl-2-(9Z,12Z-octadecadienoyl)-3-docosanoyl-sn-glycerol,WUUWGORPQFKFQN-XDVOZUNOSA-N
PC 40:7 Isomer B ,1.22407054387071,1.96_832.59_1.96_854.57,24778982,PC(18:2(9Z,12Z)/22:5(4Z,7Z,10Z,13Z,16Z)),BPUROMFCPFGBOT-ZEGPSQTJSA-N
Phosphatidylethanolamine alkenyl 18:0-18:2 ,1.22009244740433,2.56_726.54,134760121,Phosphatidylethanolamine alkenyl 18:0-18:2,QBAQUPWJTLVJBD-CZAAGYDRSA-N
PC 34:3 Isomer B ,1.21831730613771,1.89_756.56,52923213,PC(20:3(8Z,11Z,14Z)/14:0),VKVSSDKCKXJFIM-AFYHZPHLSA-N
PC 40:7 ,1.2168579231946,2.08_890.59,133026127,(2-Docosa-4,7,10,13,16,19-hexaenoyloxy-3-octadec-9-enoyloxypropyl) 2-(trimethylazaniumyl)ethyl phosphate,FPEVDFOXMCHLKL-UHFFFAOYSA-N
SM d37:1 ,1.20965230705202,2.48_803.62,52931171,N-(nonadecanoyl)-sphing-4-enine-1-phosphocholine,HAFQHLHNPJDAGB-MAJDXUCPSA-N
PC P-34:0 or PC O-34:1 ,1.20766841130264,2.53_804.61,53481719,1-(11Z-octadecenyl)-2-hexadecanoyl-sn-glycero-3-phosphocholine,QCGUXAIDEOWPBV-SNKLRXETSA-N
PC 36:4 Isomer B,1.20369353005856,2.01_782.57,10747814,Phosphatidylcholine(16:0/20:4w6),IIZPXYDJLKNOIY-JXPKJXOSSA-N
PC P-36:1 or PC O-36:2 ,1.201107547832,2.58_830.63,53480797,1-(1Z,9Z-octadecadienyl)-2-octadecanoyl-sn-glycero-3-phosphocholine,ZOTYCHIFTCFAHC-KOUVQCMKSA-N
PC 41:6|PC 19:0_22:6,1.19319956425919,2.23_848.62,75956074,(2-Docosa-4,7,10,13,16,19-hexaenoyloxy-3-nonadecanoyloxypropyl) 2-(trimethylazaniumyl)ethyl phosphate,MCBZZOAHAMROOU-UHFFFAOYSA-N
SM d41:2 Isomer A ,1.19255971238815,2.73_857.67,52931209,N-(tricosanoyl)-4E,14Z-sphingadienine-1-phosphocholine,JBDGKEXQKCCQFK-JWQIMADESA-N
PC 33:2 Isomer B,1.19157963707949,2.08_802.56,52922715,1-(9Z,12Z-octadecadienoyl)-2-pentadecanoyl-glycero-3-phosphocholine,SBNDHGBVMZMSNL-UESLNCBNSA-N
PE O-36:1 ,1.18394886791379,2.54_730.57,52924982,1-octadecyl-2-(9Z-octadecenoyl)-glycero-3-phosphoethanolamine,CEVVUBCHWNKKNN-VDLQPGGRSA-N
PC O-31:0,1.18055664112221,2.21_706.57,164334893,(3-Octoxy-2-tricosanoyloxypropyl) 2-(trimethylazaniumyl)ethyl phosphate,MARQLCZUTCPJHC-UHFFFAOYSA-N
PC 36:5 Isomer A ,1.17953195406997,1.76_780.55,52923341,PC(20:5(5Z,8Z,11Z,14Z,17Z)/16:0),SUZYROYNFNQALJ-MHEIZRSESA-N
PE 40:6|PE 18:1_22:5,1.17612559798089,2.27_790.54,76042109,[1-[2-Aminoethoxy(hydroxy)phosphoryl]oxy-3-octadec-9-enoyloxypropan-2-yl] docosa-7,10,13,16,19-pentaenoate,IZEXFAOLFRVCJS-UHFFFAOYSA-N
PC 36:5 Isomer C ,1.17502960198117,1.81_780.55,52923341,PC(20:5(5Z,8Z,11Z,14Z,17Z)/16:0),SUZYROYNFNQALJ-MHEIZRSESA-N
LPE 16:0 ,1.17356329199193,0.66_452.28,53480922,LysoPE(0:0/16:0),CKPBBEOJHAPPBT-HXUWFJFHSA-N
PC-O 16:0_18:1 ,1.17336137189036,2.38_768.59,10771331,[(2S)-3-hexadecoxy-2-[(Z)-octadec-9-enoyl]oxypropyl] 2-(trimethylazaniumyl)ethyl phosphate,SIEDNCDNGMIKST-GUSIKBLRSA-N
SM d36:1 Isomer B,1.17279185989789,2.35_789.61,6453725,Sphingomyelin (D18:1/18:0),LKQLRGMMMAHREN-YJFXYUILSA-N
PC O-39:8 ,1.17152835155465,2.10_802.57,138157243,[3-[(4Z,7Z,10Z,13Z,16Z,19Z)-docosa-4,7,10,13,16,19-hexaenoxy]-2-[(9Z,12Z)-heptadeca-9,12-dienoyl]oxypropyl] 2-(trimethylazaniumyl)ethyl phosphate,FYLHFHLSNYCGOC-FPWUCMTFSA-N
LPE 18:1 ,1.17146721057432,0.71_478.29,477882298,LPE 18:1,PYVRVRFVLRNJLY-KTKRTIGZNA-N
TG 58:3|TG 18:1_20:1_20:1,1.17139770037065,4.24_958.88,85034984,(2-Icos-11-enoyloxy-3-octadec-9-enoyloxypropyl) icos-11-enoate,RFMSTHTUAZETPD-UHFFFAOYSA-N
PE O-16:1_18:2 ,1.1695423086419,2.32_698.51,138252555,[1-[2-aminoethoxy(hydroxy)phosphoryl]oxy-3-[(Z)-hexadec-9-enoxy]propan-2-yl] (9Z,12Z)-octadeca-9,12-dienoate,RIQAKBUOHSSMTC-PNBIJBBKSA-N
TG 50:2,1.16626654346504,3.86_853.74,85034325,(3-Hexadecanoyloxy-2-hexadec-9-enoyloxypropyl) octadec-9-enoate,TWJCMQZMAPGUSG-UHFFFAOYSA-N
TG 54:1 ,1.16449131477524,4.26_927.78_4.25_906.85,16058371,1,2-dioctadecanoyl-3-(9Z-octadecenoyl)-sn-glycerol,YFFIQXNTTVSKJC-NZEOUKRFSA-N
TG 54:6 Isomer C ,1.16359155913719,3.63_917.70_3.69_896.77,5322095,Trilinolein,HBOQXIRUPVQLKX-BBWANDEASA-N
PE 37:5|PE 17:0_20:5,1.15802765272607,2.13_750.51,75957262,[1-[2-Aminoethoxy(hydroxy)phosphoryl]oxy-3-heptadecanoyloxypropan-2-yl] icosa-5,8,11,14,17-pentaenoate,YRRQJTQXWQBPQK-UHFFFAOYSA-N
PC 32:2 Isomer A,1.15686135534853,1.83_730.54,24778764,1,2-Dipalmitoleoyl-sn-glycero-3-phosphocholine,GPWHCUUIQMGELX-VHQDNGOZSA-N
PE 36:3 ,1.15051323634448,2.24_740.52,25245362,[3-[2-aminoethoxy(hydroxy)phosphoryl]oxy-2-[(9Z,12Z)-octadeca-9,12-dienoyl]oxypropyl] (Z)-octadec-9-enoate,GKAFCSRKMWFPSJ-RQOIEFAZSA-N
PC O-32:0 ,1.14987432071674,2.30_720.59,173570,1-Palmitoyl-2-hexadecyl-sn-glycero-3-phosphocholine,SVWBXNAUENUONE-LDLOPFEMSA-N
SM 37:4;3O ,1.14969972899068,1.88_755.56,164390119,[(8E,12E,16E)-3,4-dihydroxy-2-[[(Z)-nonadec-9-enoyl]amino]octadeca-8,12,16-trienyl] 2-(trimethylazaniumyl)ethyl phosphate,QFCPIEOQTPOOTG-BIQXSSBLSA-N
PE 36:4 ,1.14749273505901,2.18_738.51,138221545,[1-[2-aminoethoxy(hydroxy)phosphoryl]oxy-3-hexadecanoyloxypropan-2-yl] (8Z,11Z,14Z,17Z)-icosa-8,11,14,17-tetraenoate,NQIMLWFRWGTTOZ-JAXHXWBXSA-N
PC 37:4 ,1.14668559700984,2.13_796.59,52922853,1-(9Z,12Z,15Z-octadecatrienoyl)-2-(9Z-nonadecenoyl)-glycero-3-phosphocholine,QRPUCJXFPYFTMB-FBFLODOBSA-N
PC 35:4 Isomer A,1.14255831236986,1.91_768.56,52922204,1-tridecanoyl-2-(7Z,10Z,13Z,16Z-docosatetraenoyl)-glycero-3-phosphocholine,OROZWUJCDDCYAU-IPUAOQJZSA-N
PC 44:12,1.14078691112155,1.71_900.55_1.71_878.57,74051656,2,3-Di(docosa-4,7,10,13,16,19-hexaenoyloxy)propyl 2-(trimethylazaniumyl)ethyl phosphate,XLKQWAMTMYIQMG-UHFFFAOYSA-N
PC P-34:1 or PC O-34:2 ,1.14036683918379,2.17_744.59,70698781,1-(1Z,11Z-octadecadienyl)-2-hexadecanoyl-sn-glycero-3-phosphocholine,MBRHHFWRXQYYAN-JEPFLRBFSA-N
LPS 18:0 ,1.13999056854522,0.69_524.30,478094547,LPS 18:0,ZPDQFUYPBVXUKS-UHFFFAOYNA-N
TG 50:3|TG 16:0_16:1_18:2,1.13841595881686,3.72_846.75,85034333,(3-Hexadecanoyloxy-2-hexadec-9-enoyloxypropyl) octadeca-9,12-dienoate,HDFLQJUGWGNORO-UHFFFAOYSA-N
PC 35:2 Isomer B ,1.13583302195085,2.14_772.59,52922721,1-(9Z,12Z-octadecadienoyl)-2-heptadecanoyl-glycero-3-phosphocholine,MJWAVUYQCBFFHQ-WESJWMGVSA-N
Cer 58:11;2O ,1.13515699362194,3.86_854.73,164267617,(13Z,16Z,19Z,22Z,25Z,28Z,31Z,34Z,37Z)-N-[(4E,8E)-1,3-dihydroxyoctadeca-4,8-dien-2-yl]tetraconta-13,16,19,22,25,28,31,34,37-nonaenamide,GXTRSPPHWHQFMZ-NPNMLZSOSA-N
Cer 32:1;2O|Cer 14:1;O2/18:0,1.1337900914093,1.99_510.49,73814455,N-(1,3-dihydroxytetradec-4-en-2-yl)octadecanamide,NCKNBDIYAHEWMH-UHFFFAOYSA-N
TG 52:1,1.13012052762356,4.12_883.77_4.12_878.82,5365005,[1-hexadecanoyloxy-3-[(Z)-octadec-9-enoyl]oxypropan-2-yl] octadecanoate,NPCZZYKITFKRQZ-RFBIWTDZSA-N
PC O-31:0|PC O-15:0_16:0,1.12997605343342,2.05_706.58,165289337,(2-Hexadecanoyloxy-3-pentadecoxypropyl) 2-(trimethylazaniumyl)ethyl phosphate,RPJBSPVVDIKMBV-UHFFFAOYSA-N
SM 35:1;2O ,1.12980118573781,2.10_739.57,164360868,[(E)-2-(heptacosanoylamino)-3-hydroxyoct-4-enyl] 2-(trimethylazaniumyl)ethyl phosphate,NZVSGOQOFUVMHA-QOSDPKFLSA-N
FA 18:1+2O ,1.12967755645472,0.28_313.24,53394288,9,10-Dihydroxyoctadec-12-enoic acid,XEBKSQSGNGRGDW-UHFFFAOYSA-N
Cer d41:1 ,1.12562186858611,3.21_670.59_3.10_680.62,52931115,N-(tricosanoyl)-sphing-4-enine,NAJHAHQNQCNWOP-PUYNVXOJSA-N
Cer d34:2 ,1.12547253823964,2.16_534.49,75963948,N-(1,3-dihydroxyoctadeca-4,14-dien-2-yl)hexadecanamide,XXWRZIYYFPIQHE-UHFFFAOYSA-N
Cer 18:0;2O_20:0 ,1.12535479330501,2.95_594.58,5239143,N-(1,3-dihydroxyoctadecan-2-yl)eicosanamide,ZWAUSWHRQBSECP-UHFFFAOYSA-N
Cer d33:1 ,1.12494670689404,2.24_558.47_2.23_582.51_2.24_522.49,52931112,N-(heptadecanoyl)-hexdecasphing-4-enine,QBFXCLDNTKBAPQ-STSAHMJASA-N
LPC 20:5 ,1.12379095951849,0.37_542.33,11757087,LysoPC(20:5(5Z,8Z,11Z,14Z,17Z)),PDIGSOAOQOXRDU-WJPZTBRDSA-N
LPC 18:0 Isomer B ,1.12251514345888,1.20_582.38,497299,1-18:0-lysoPC,IHNKQIMGVNPMTC-RUZDIDTESA-N
TG 58:4 ,1.11885803535549,4.12_956.87,9544835,1-octadecanoyl-2-eicosanoyl-3-(5Z,8Z,11Z,14Z-eicosatetraenoyl)-sn-glycerol,CCKRHDUCFMOBKX-AAINFQTBSA-N
Cer d39:1 ,1.11377011106767,2.99_642.56_2.99_666.60_2.99_606.58,11273482,N-(tricosanoyl)-hexadecasphing-4-enine,WYSRACVJQVNCRW-PQPBPFPMSA-N
PE 40:10|PE 20:5_20:5,1.11272905765395,1.67_782.48,75957671,[3-[2-Aminoethoxy(hydroxy)phosphoryl]oxy-2-icosa-5,8,11,14,17-pentaenoyloxypropyl] icosa-5,8,11,14,17-pentaenoate,IHTIZXOEIOXSDI-UHFFFAOYSA-N
PC 36:3 Isomer A ,1.11247705871731,2.07_784.59,24778937,PC(18:1(9Z)/18:2(6Z,9Z)),BXRLDROZWDUSGM-ZRYFCQOPSA-N
PE O-36:3 ,1.11194624295586,2.48_726.54,138137779,[1-[2-aminoethoxy(hydroxy)phosphoryl]oxy-3-octadecoxypropan-2-yl] (9Z,12Z,15Z)-octadeca-9,12,15-trienoate,CQHMZFNQRVSRPW-HLMRNWPHSA-N
Cer d38:1 ,1.11148797816589,2.87_628.54_2.87_652.59,5283566,N-icosanoylsphingosine,XWBWIAOWSABHFI-NUKVNZTCSA-N
PC 33:1 Isomer A,1.11025856671656,2.12_746.57_2.08_768.55,52922442,1-(9Z-hexadecenoyl)-2-heptadecanoyl-glycero-3-phosphocholine,OFRWLQSOUIZELQ-VEAYGOGPSA-N
Cer d38:2 ,1.11023005106312,2.62_590.55,132994556,N-(1,3-dihydroxyoctadeca-4,8-dien-2-yl)icosanamide,NBSDZPNNDCXPFZ-UHFFFAOYSA-N
PEtOH 16:1_16:1 ,1.10445734511995,1.82_671.47,138126591,PEtOH 16:1_16:1,BHQKOVPFLAAQTH-IQRFGFHNSA-N
PC 40:6 Isomer A ,1.10339029393448,2.08_834.60_2.08_856.58,52923579,PC(22:2(13Z,16Z)/18:4(6Z,9Z,12Z,15Z)),KZSXWBSDQDXESU-PPEVQBTRSA-N
PC 42:7 ,1.09747964173054,2.17_860.62,52923595,PC(22:2(13Z,16Z)/20:5(5Z,8Z,11Z,14Z,17Z)),LQGLSURTFNDIMU-JXUGAEHWSA-N
PC 36:3 Isomer AB,1.09574662454774,2.19_842.59,53478785,PC(18:2(9Z,12Z)/18:1(11Z)),YPAZQMWFRMHBBM-CLKMJQEKSA-N
DG 38:5 ,1.09354221214732,2.48_681.49_2.47_665.51_2.48_660.56,9543784,DG(18:3(9Z,12Z,15Z)/20:2(11Z,14Z)/0:0),GRGDLDNREYVILP-CNWVQWJYSA-N
PC 34:1 Isomer B,1.08980777374087,2.38_818.59,6436017,1-Palmitoyl-2-oleoylphosphatidylcholine,WTJKGGKOPKCXLL-MRCUWXFGSA-N
PC 34:1 Isomer A,1.08362814834411,2.24_760.59_2.24_782.57,5497103,1-hexadecanoyl-2-(9Z-octadecenoyl)-sn-glycero-3-phosphocholine,WTJKGGKOPKCXLL-VYOBOKEXSA-N
SM d36:1 Isomer A,1.08230438974015,2.23_731.61,6453725,Sphingomyelin (D18:1/18:0),LKQLRGMMMAHREN-YJFXYUILSA-N
PEtOH 16:0_18:1 ,1.081582965877,2.16_701.51,56640029,PEtOH 16:0_18:1,JCABVIFDXFFRMT-VXPUYCOJSA-N
PC 35:3 ,1.07999374637986,1.97_770.57,52924614,PE(20:3(8Z,11Z,14Z)/18:0),AYXGHIQPMDYMJC-AHMBLZLYSA-N
PC 33:0 ,1.0785101881559,2.29_748.59_2.28_770.57,52922645,1-Octadecanoyl-2-pentadecanoyl-glycero-3-phosphocholine,FHENRYRLCPXONH-LDLOPFEMSA-N
PC P-32:1 or PC O-32:2 ,1.07827502061237,1.97_716.56,52923882,1-(1-Enyl-palmitoyl)-2-palmitoleoyl-sn-glycero-3-phosphocholine,FZMYLOBGNYZPQO-QLSONYGBSA-N
LPC 20:0 ,1.07627935121982,1.36_610.41,24779474,[2-hydroxy-3-(1-oxoeicosoxy)propyl] 2-(trimethylammonio)ethyl phosphate,UATOAILWGVYRQS-UHFFFAOYSA-N
PC 38:6 Isomer C ,1.07503800822951,2.06_806.57,52923295,PC(20:4(5Z,8Z,11Z,14Z)/18:2(9Z,12Z)),PLZBTDKJYHXIEW-DZUXOTHRSA-N
SM d38:2 Isomer B,1.06344854148728,2.33_815.63,52931179,N-(11Z-eicosenoyl)-sphing-4-enine-1-phosphocholine,MDRFMTLYKHBJTF-NQYLGBTJSA-N
TG 56:5 Isomer A ,1.05988494889302,3.82_926.82,25240380,1,2-di-(9Z,12Z-octadecadienoyl)-3-(11Z-eicosenoyl)-sn-glycerol,UHEJWASONFIROS-YPSHDQQVSA-N
Cer d36:1 Isomer B,1.05873562932868,2.63_600.51_2.63_624.56_2.63_564.54,6442676,N-(9Z-octadecenoyl)-sphinganine,MJQIARGPQMNBGT-WWUCIAQXSA-N
TG 56:2 Isomer A ,1.0582506887575,4.12_932.86,9544390,1-octadecanoyl-2-(9Z,12Z-octadecadienoyl)-3-eicosanoyl-sn-glycerol,PDEQUPGHMOMBFC-FYEHETCMSA-N
LPE 18:0 ,1.05733026246175,1.01_480.31,477551911,LPE 18:0,BBYWOYAFBUOUFP-UHFFFAOYNA-N
TG 50:2 ,1.05482377114835,3.86_869.71,9544010,Tracylglycerol(18:0/16:1/16:1),QEZWFCZNHWUARW-XQCAQTCHSA-N
PC P-40:6 or PC O-40:7 Isomer B ,1.049792398715,2.26_818.61,53479425,PC(22:6(4Z,7Z,10Z,13Z,16Z,19Z)/P-18:0),FMBYBTSZVHUJMV-DIVFMYBRSA-N
PC 39:5 Isomer B,1.0486233681553,2.13_822.60,138201638,[2-[(14Z,17Z,20Z,23Z)-hexacosa-14,17,20,23-tetraenoyl]oxy-3-[(Z)-tridec-9-enoyl]oxypropyl] 2-(trimethylazaniumyl)ethyl phosphate,LGGLGFSWJITMHS-MJJBRJPASA-N
PG 44:12 ,1.04383008523853,1.55_865.50,134777753,Phosphatidylglyceride 22:6-22:6,XACKZSRNTPEYBU-GZSOIYOPSA-N
PC P-38:5 or PC O-38:6 Isomer A ,1.04200033459439,2.08_792.59,53480695,PC(P-16:0/22:5(4Z,7Z,10Z,13Z,16Z)),FAKYQMLQEAQOLK-LHZZQLRFSA-N
TG 56:3|TG 18:1_18:1_20:1,1.04170019586429,4.12_930.86,85034703,2,3-Di(octadec-9-enoyloxy)propyl icos-11-enoate,QXMHHXQBBKDSSL-UHFFFAOYSA-N
CAR 18:2 Isomer A ,1.04109007672551,0.55_424.34,6450015,O-linoleyl-L-carnitine,MJLXQSQYKZWZCB-DQFWFXSYSA-N
GlcCer d42:2 ,1.03791612355664,2.88_844.64,6321360,N-(15Z-tetracosenoyl)-1-beta-glucosyl-sphing-4-enine,WBOZIXHPUPAOIA-RBELZSLISA-N
PS 36:1 ,1.0368055023418,2.21_788.54,72367181,2-Amino-3-[hydroxy-(3-octadecanoyloxy-2-octadec-9-enoyloxypropoxy)phosphoryl]oxypropanoic acid,AJFWREUFUPEYII-UHFFFAOYSA-N
LPE O-18:1 ,1.03139507375543,1.15_464.31,477577455,LPE O-18:1,CDONWGCJDDHTLP-KTKRTIGZNA-N
TG 58:2 ,1.02889110872523,4.24_960.89,56938341,1-tetradecanoyl-2-docosanoyl-3-(13Z,16Z-docosadienoyl)-sn-glycerol,NFQQJRGJJVQGAV-MEADVOAOSA-N
PC P-36:3 or PC O-36:4 ,1.02650577433448,2.28_826.60,53481701,PC(o-16:0/20:4(8Z,11Z,14Z,17Z)),SOUZQPFUXRVDGK-KCTKZSJBSA-N
PE O-18:1_22:6 ,1.02367825381966,2.45_774.54,138181306,[1-[2-aminoethoxy(hydroxy)phosphoryl]oxy-3-[(Z)-octadec-9-enoxy]propan-2-yl] (4Z,7Z,10Z,13Z,16Z,19Z)-docosa-4,7,10,13,16,19-hexaenoate,IVBLZGVNSKPGOR-XAJDCCMMSA-N
PC 18:0_22:6 ,1.02292858207717,2.29_868.56_2.29_892.61,133026175,(2-Docosa-4,7,10,13,16,19-hexaenoyloxy-3-octadecanoyloxypropyl) 2-(trimethylazaniumyl)ethyl phosphate,FAUYAENFVCNTAL-UHFFFAOYSA-N
FA 22:2 (docosadienoic acid) ,1.02267993141461,1.41_335.30,5282807,13,16-Docosadienoic acid,HVGRZDASOHMCSK-AVQMFFATSA-N
PC 37:2 Isomer A,1.01859891076741,2.36_800.62,52922735,1-(9Z,12Z-octadecadienoyl)-2-nonadecanoyl-glycero-3-phosphocholine,MCZUABDVGPPWPM-HJTCUGKVSA-N
PC 38:6 Isomer A ,1.01658096997886,1.88_806.57_1.88_828.55,52923295,PC(20:4(5Z,8Z,11Z,14Z)/18:2(9Z,12Z)),PLZBTDKJYHXIEW-DZUXOTHRSA-N
LPE 18:2 ,1.01551565896547,0.52_476.28,52925130,1-(9Z,12Z-octadecadienoyl)-sn-glycero-3-phosphoethanolamine,DBHKHNGBVGWQJE-USWSLJGRSA-N
PI 34:1 Isomer A ,1.01449523736746,1.91_835.53,5771758,1-hexadecanoyl-2-(9Z-octadecenoyl)-sn-glycero-3-phospho-(1'-myo-inositol),PDLAMJKMOKWLAJ-AGORXRROSA-N
TG 56:2 Isomer B ,1.01339951254929,4.24_932.87,9544390,1-octadecanoyl-2-(9Z,12Z-octadecadienoyl)-3-eicosanoyl-sn-glycerol,PDEQUPGHMOMBFC-FYEHETCMSA-N
PC 40:7 Isomer A ,1.01322123436571,1.91_832.59,24778982,PC(18:2(9Z,12Z)/22:5(4Z,7Z,10Z,13Z,16Z)),BPUROMFCPFGBOT-ZEGPSQTJSA-N
SM d40:2 Isomer B ,1.01264103887793,2.58_843.66,52931203,N-(13Z-docosenoyl)-sphing-4-enine-1-phosphocholine,VBFKEZGCUWHGSK-ADSSWVSQSA-N
TG 54:0 ,1.01245779251371,4.25_908.86,131756478,1-Arachidonyl-2-myristoyl-3-arachidonyl-glycerol,KKBWDSMULWDHME-UHFFFAOYSA-N
SM d39:2 ,1.01123512531563,2.47_829.64,52931187,N-(heneicosanoyl)-4E,14Z-sphingadienine-1-phosphocholine,SDUGEKJCGFHJRC-IYXZHQORSA-N
TG 50:0 ,1.00858895359073,4.13_852.81,545588,TG(18:0/14:0/18:0)[iso3],MARPCPMDFOPPJX-UHFFFAOYSA-N
8,15-DiHETE ,1.00689628580611,0.27_335.22,5283183,8S,15S-dihydroxy-5Z,9E,11Z,13E-eicosatetraenoic acid,NNPWRKSGORGTIM-HCCKYKKOSA-N
PE P-38:4 or PE O-38:5 Isomer A,1.00632345083413,2.39_752.56,53480855,PE(P-18:0/20:4(8Z,11Z,14Z,17Z)),ZTZQZGHJLWFLFQ-VZBWJDOASA-N
LPC 16:0 ,1.00559472480959,0.64_554.35,460602,1-16:0-2-lysophosphatidylcholine,ASWBNKHCZGQVJV-HSZRJFAPSA-N
FA 20:2 (eicosadienoic acid) ,0.996695831980827,1.16_307.26,6439848,Eicosadienoic acid,XSXIVVZCUAHUJO-HZJYTTRNSA-N
Cer d36:2 ,0.993577158209058,2.37_562.52,25201955,N-(1,3-dihydroxyoctadeca-4,8-dien-2-yl)octadecanamide,WNPWDGNHTKGEDS-UHFFFAOYSA-N
FA 19:1 ,0.987187402299082,1.23_295.26,14275215,9-Nonadecenoic acid,YOKHLRHWEXTWJR-ZHACJKMWSA-N
PE P-40:5 or PE O-40:6 ,0.98618286197099,2.31_778.57,53480857,PE(P-18:0/22:5(4Z,7Z,10Z,13Z,16Z)),HHQFKPJXVYWLLJ-ABYSKWQHSA-N
PC 38:6 Isomer B,0.985016218941307,1.99_864.58,53478789,PC(18:2(9Z,12Z)/20:4(8Z,11Z,14Z,17Z)),RUHBZJXWUDKAMZ-XXAGCNFXSA-N
PC 38:5 Isomer A ,0.983525022020705,2.02_808.59_2.02_830.56,52923235,PC(20:3(8Z,11Z,14Z)/18:2(9Z,12Z)),SUACBSWYGWBPFC-GPUJSUHJSA-N
SM d35:1 ,0.981251578506288,2.10_717.59,138200616,[2-[[(Z)-henicos-9-enoyl]amino]-3-hydroxytetradecyl] 2-(trimethylazaniumyl)ethyl phosphate,LDJGVBCPOLCJJN-DQRAZIAOSA-N
PC O-37:6 ,0.978564797531301,2.36_778.58,164475341,[3-nonoxy-2-[(10Z,13Z,16Z,19Z,22Z,25Z)-octacosa-10,13,16,19,22,25-hexaenoyl]oxypropyl] 2-(trimethylazaniumyl)ethyl phosphate,XJDKSTIRVDWFRL-MSXCAIDTSA-N
15-OxoETE ,0.977384856866754,0.30_317.21,1443,15-Oxoicosa-5,8,11,13-tetraenoic acid,YGJTUEISKATQSM-UHFFFAOYSA-N
PC 37:2 Isomer B,0.974457033235947,2.50_858.62,52922735,1-(9Z,12Z-octadecadienoyl)-2-nonadecanoyl-glycero-3-phosphocholine,MCZUABDVGPPWPM-HJTCUGKVSA-N
PC 16:0_14:0 ,0.972888278043483,1.99_706.55,10190333,(3-Hexadecanoyloxy-2-tetradecanoyloxypropyl) 2-(trimethylazaniumyl)ethyl phosphate,UIXXHROAQSBBOV-UHFFFAOYSA-N
PC O-34:2 ,0.969500614432253,2.40_788.58,138286710,[3-[(Z)-hexadec-9-enoxy]-2-[(Z)-octadec-9-enoyl]oxypropyl] 2-(trimethylazaniumyl)ethyl phosphate,WDQJCKHLEYAETE-MGXYOJEMSA-N
PC 36:4 Isomer C ,0.968706864248294,2.14_840.58,10747814,Phosphatidylcholine(16:0/20:4w6),IIZPXYDJLKNOIY-JXPKJXOSSA-N
LPC O-18:0 ,0.968211939291803,1.15_568.40,3985,Lyso-PAF c-18,XKBJVQHMEXMFDZ-UHFFFAOYSA-N
PG 38:7 ,0.964213632149566,1.60_791.48,75960065,[1-[2,3-Dihydroxypropoxy(hydroxy)phosphoryl]oxy-3-hexadec-9-enoyloxypropan-2-yl] docosa-4,7,10,13,16,19-hexaenoate,BRJYLBKRWAAAEC-UHFFFAOYSA-N
SM d35:2 ,0.962478423958734,1.89_715.57,138173078,[(E)-2-[[(Z)-henicos-9-enoyl]amino]-3-hydroxytetradec-4-enyl] 2-(trimethylazaniumyl)ethyl phosphate,HVVDGWWLGYBUAB-JYDNXXCZSA-N
N-(eicosanoyl)sphingosine ,0.958842734481493,2.69_576.57,4307993,N-(1,3-dihydroxyoctadec-4-en-2-yl)icosanamide,XWBWIAOWSABHFI-UHFFFAOYSA-N
PG 36:2 ,0.957094283994353,2.03_773.53,75959369,[1-[2,3-Dihydroxypropoxy(hydroxy)phosphoryl]oxy-3-hexadecanoyloxypropan-2-yl] icosa-11,14-dienoate,KDFIYBDWNQKADP-UHFFFAOYSA-N
PC-p 18:0_22:6 ,0.952946215815943,2.36_818.60,42607430,PC(P-18:0/22:6(4Z,7Z,10Z,13Z,16Z,19Z)),TXHZYNSTTCIWMJ-RXSQUPBGSA-N
PS 34:1 ,0.95250278654851,2.03_760.51,75958912,2-Amino-3-[(2-hexadec-9-enoyloxy-3-octadecanoyloxypropoxy)-hydroxyphosphoryl]oxypropanoic acid,BWQAJZLCZFRDSD-UHFFFAOYSA-N
PE O-40:6 Isomer B ,0.9513581887101,2.51_776.56,138219791,[1-[2-aminoethoxy(hydroxy)phosphoryl]oxy-3-[(Z)-octadec-9-enoxy]propan-2-yl] (7Z,10Z,13Z,16Z,19Z)-docosa-7,10,13,16,19-pentaenoate,NKXPONDLZHZZND-PKBJNFAXSA-N
CAR 18:1 ,0.949067750830196,0.72_426.36,53477830,(4S)-4-[(11E)-octadec-11-enoyloxy]-4-(trimethylazaniumyl)butanoate,HITOYGLMAFIRNI-YSESTWPTSA-N
PC O-32:2 ,0.947351739937985,2.11_716.56,138221117,[3-[(9Z,12Z)-hexadeca-9,12-dienoxy]-2-hexadecanoyloxypropyl] 2-(trimethylazaniumyl)ethyl phosphate,NOYDAUSEIWVTMO-XOMYGGGSSA-N
PE O-16:1_22:6 ,0.947209575401132,2.01_748.53,138193153,[1-[2-aminoethoxy(hydroxy)phosphoryl]oxy-3-[(Z)-hexadec-9-enoxy]propan-2-yl] (4Z,7Z,10Z,13Z,16Z,19Z)-docosa-4,7,10,13,16,19-hexaenoate,KGCPGAKRLOCUEV-ZLXBYIIJSA-N
TG 16:0_18:1_20:0 ,0.946990252609511,4.12_906.85,85034455,(3-Hexadecanoyloxy-2-octadec-9-enoyloxypropyl) icosanoate,YWKYRFUPKVVPAH-UHFFFAOYSA-N
Cer d37:1 ,0.944587793361788,2.75_578.55,134725797,N-(eicosanoyl)-4E-heptadecasphingenine,CZKJGFHQZINDHS-RQDJVNCUSA-N
PC 32:2 Isomer B,0.940131069860575,1.93_788.54,24778764,1,2-Dipalmitoleoyl-sn-glycero-3-phosphocholine,GPWHCUUIQMGELX-VHQDNGOZSA-N
PI 36:3 Isomer B ,0.938872737097692,1.87_859.53,74413360,[3-[Hydroxy-(2,3,4,5,6-pentahydroxycyclohexyl)oxyphosphoryl]oxy-2-octadeca-9,12-dienoyloxypropyl] octadec-9-enoate,MXJMOLQIXMJUEL-UHFFFAOYSA-N
PEtOH 18:1_20:4 ,0.937807095050067,1.98_749.51,138162825,PEtOH 18:1_20:4,GPUYXMCSIACMOK-YBDJVEANSA-N
PI 18:1_22:4 ,0.937448580381688,1.99_911.56,138229402,[1-[hydroxy-(2,3,4,5,6-pentahydroxycyclohexyl)oxyphosphoryl]oxy-3-[(Z)-octadec-9-enoyl]oxypropan-2-yl] (10Z,13Z,16Z,19Z)-docosa-10,13,16,19-tetraenoate,OOSPMTMUZPWTKZ-DCMOKHIZSA-N
TG 52:0 ,0.937268493869738,4.25_880.84,545690,1-Hexadecanoyl-2,3-dioctadecanoyl-sn-glycerol,SDNYRTVJOFMYIW-OIVUAWODSA-N
PE 38:5 ,0.93721000760494,2.26_764.52,138318539,[1-[2-aminoethoxy(hydroxy)phosphoryl]oxy-3-[(Z)-octadec-9-enoyl]oxypropan-2-yl] (8Z,11Z,14Z,17Z)-icosa-8,11,14,17-tetraenoate,ZYMZKMQPPJPQHY-HAGCXRLMSA-N
SM d34:1 Isomer B,0.93688993311391,2.09_761.58,9939941,Palmitoyl sphingomyelin,RWKUXQNLWDTSLO-GWQJGLRPSA-N
TG 19:2_19:2_19:2 ,0.934193750671238,3.46_938.82,165271413,2,3-bis[[(9Z,12Z)-nonadeca-9,12-dienoyl]oxy]propyl (9Z,12Z)-nonadeca-9,12-dienoate,OWYSBHPRWHZONR-MOKVCOEPSA-N
PE P-38:4 or PE O-38:5 Isomer B,0.934112710604076,2.54_750.54,86289532,[R-(all-Z)]-5,8,11,14-Eicosatetraenoic acid,URPXXNCTXCOATD-FXMFQVEGSA-N
NAE 5:0,0.933838795481995,0.20_146.12,13245640,N-(2-hydroxyethyl)pentanamide,NURPOXDFZKXLRW-UHFFFAOYSA-N
TG 56:1 ,0.93366432119,4.25_934.88,9544345,1-octadecanoyl-2-(9Z-octadecenoyl)-3-eicosanoyl-sn-glycerol,OCYFAHIHWCVZKS-FHSLLVMSSA-N
PC O-42:7 or PC 42:7e ,0.932677832243916,2.30_846.64,164503735,[2-[(7Z,10Z,13Z,16Z,19Z,22Z,25Z)-octacosa-7,10,13,16,19,22,25-heptaenoyl]oxy-3-tetradecoxypropyl] 2-(trimethylazaniumyl)ethyl phosphate,ZMQLLTKZNYACNP-MSTLYMIMSA-N
TG 50:1 ,0.930985356930466,3.99_850.78,25240460,1,2-dihexadecanoyl-3-(9Z-octadecenoyl)-sn-glycerol,YHMDGPZOSGBQRH-YYSBDVFPSA-N
LPC 32:1 ,0.923388420958703,2.30_740.56,164502065,Lpc 32:1-SN1,ZJIXPFHQCRWXJV-PFONDFGASA-N
LPC 18:1 ,0.923102465731842,0.64_522.35,16081932,1-18:1-lysophosphatidylcholine,YAMUFBLWGFFICM-PTGWMXDISA-N
PC O-18:1_20:4 ,0.922596000234927,2.22_838.60,24779390,1-(1-enyl-stearoyl)-2-arachidonoyl-sn-glycero-3-phosphocholine,FHHVIBPVBBRLOR-IYACIECVSA-N
PC 32:0 ,0.920929773968602,2.37_792.57,452110,Colfosceril Palmitate,KILNVBDSWZSGLL-KXQOOQHDSA-N
SM d33:1 ,0.920912326150181,1.89_689.56,52931139,N-(pentadecanoyl)-sphing-4-enine-1-phosphocholine,LQINJRUGTUOHGS-YPDYIYJKSA-N
FA 22:6 (docosahexaenoic acid) ,0.919522113188614,0.65_327.23,445580,HXA,MBMBGCFOFBJSGT-KUBAVDMBSA-N
PC P-42:5 or PC O-42:6,0.918169169808566,2.38_848.65,53481769,PC(o-22:3(10Z,13Z,16Z)/22:3(10Z,13Z,16Z)),QZMFOSCFDWPISC-KQHSIIGPSA-N
PC P-42:5 or PC O-42:6,0.918169169808566,2.54_848.65,53481769,PC(o-22:3(10Z,13Z,16Z)/22:3(10Z,13Z,16Z)),QZMFOSCFDWPISC-KQHSIIGPSA-N
PE O-38:6 Isomer B ,0.9173870098016,2.36_748.53,134772254,Phosphatidylethanolamine alkenyl 18:0-20:5,UZKXXUJVNWVEAA-GWWWPDGYSA-N
TG 51:3 ,0.913156476619924,3.79_860.78,9544023,1,2,3-tri-(9Z-heptadecenoyl)-glycerol,ISSGPXMQOMAFMJ-DMGKHJLRSA-N
FA 20:5 (eicosapentaenoic acid) ,0.911820700463582,0.56_301.22,446284,Icosapent (INN),JAZBEHYOTPTENJ-JLNKQSITSA-N
PC P-40:4 or PC O-40:5 ,0.911429453396363,2.38_822.64,52924022,PC(P-20:0/20:4(5Z,8Z,11Z,14Z)),UWNFEVACEPZILS-RNNLSGHUSA-N
PC 35:4 Isomer B,0.910621893260337,2.03_826.56,52922895,1-(6Z,9Z,12Z,15Z-octadecatetraenoyl)-2-heptadecanoyl-glycero-3-phosphocholine,LYNZMLHNPYEREG-ZHMZGHMTSA-N
CAR 16:0 ,0.90978808746077,0.67_400.34,11953816,3-carboxy-N,N,N-trimethyl-2-[(1-oxohexadecyl)oxy]-1-Propanaminium,XOMRRQXKHMYMOC-OAQYLSRUSA-N
PE O-22:6_16:1 ,0.909376600276959,2.20_746.51,134777290,Phosphatidylethanolamine alkenyl 16:0-22:6,WVGALBKSWOUIEZ-ULUZTLKMSA-N
SM 29:2;2O/8:0 ,0.90493855581324,2.08_743.60,164472176,[(4E,8E)-3-hydroxy-2-(octanoylamino)nonacosa-4,8-dienyl] 2-(trimethylazaniumyl)ethyl phosphate,XCWVCMIJMLUUFH-NOWNJZKOSA-N
PC P-38:4 or PC O-38:5 Isomer A ,0.902357573186593,2.18_794.61,53480715,PC(P-18:0/20:4(8Z,11Z,14Z,17Z)),YPAPIRJFGNBODV-AMFPDOHCSA-N
GlcCer d42:1 ,0.901670762564613,3.14_846.66,6321361,Glucosylceramide,POQRWMRXUOPCLD-AAAFHMTMSA-N
PC 35:1 Isomer A,0.900312766549095,2.33_774.60,52922679,1-(9Z-octadecenoyl)-2-heptadecanoyl-glycero-3-phosphocholine,MFHIZGSSDZJFKD-IYEJTHTFSA-N
PC 40:3 ,0.897418063500301,2.50_840.65,25244692,[3-docosanoyloxy-2-[(9Z,12Z,15Z)-octadeca-9,12,15-trienoyl]oxypropyl] 2-(trimethylazaniumyl)ethyl phosphate,JYFWSVLYQSTYHE-XEAUMUMLSA-N
4-HDoHE ,0.896743575837087,0.30_343.23,53394255,4-Hydroxydocosa-5,7,10,13,16,19-hexaenoic acid,IFRKCNPQVIJFAQ-UHFFFAOYSA-N
PC 40:6 Isomer B ,0.896211076635086,2.16_834.60_2.17_856.58,52923195,PC(20:2(11Z,14Z)/20:4(5Z,8Z,11Z,14Z)),TYRTWVKQVGNGSZ-RGBTVBCDSA-N
PC 42:6 Isomer B,0.890386766055078,2.23_862.63,138316086,[3-[(9Z,12Z)-octadeca-9,12-dienoyl]oxy-2-[(12Z,15Z,18Z,21Z)-tetracosa-12,15,18,21-tetraenoyl]oxypropyl] 2-(trimethylazaniumyl)ethyl phosphate,ZQZWZGRWXYGCHL-KWBDKPQYSA-N
PE O-38:7 ,0.888989375999502,2.12_746.51,138244210,[1-[2-aminoethoxy(hydroxy)phosphoryl]oxy-3-[(9Z,12Z,15Z)-octadeca-9,12,15-trienoxy]propan-2-yl] (8Z,11Z,14Z,17Z)-icosa-8,11,14,17-tetraenoate,QIQGIECOBDSDSX-IVGDTRDPSA-N
PC P-38:4 or PC O-38:5 Isomer B ,0.887622991190722,2.33_794.61,53480759,PC(P-18:1(11Z)/20:3(5Z,8Z,11Z)),DYFGXBAIDOATAE-DSLLYOFSSA-N
PC 38:2 Isomer A,0.883811111852069,2.48_814.63,24779263,1-eicosanoyl-2-(9Z,12Z-octadecadienoyl)-sn-glycero-3-phosphocholine,KXXLFCAPKGRXBT-FMJYHZMHSA-N
PC P-40:5 or PC O-40:6 ,0.883221871007298,2.30_820.62,53480775,PC(P-18:1(11Z)/22:4(7Z,10Z,13Z,16Z)),KUHMJRMPHBRAMY-DDURNVNNSA-N
LPC 40:7 ,0.8822552363082,2.09_840.59,164493524,Lpc 40:7-SN1,YSTGSPYMRHRHHQ-QAYSHOGESA-N
PC P-40:6 or PC O-40:7 Isomer A ,0.880553874142413,2.09_818.61,53479405,PC(22:5(7Z,10Z,13Z,16Z,19Z)/P-18:1(9Z)),XUVCLJCZWPTAIO-OAKHYACESA-N
FA 20:1,0.879551379269541,1.36_309.28,142770,(EZ)-Icosenoic acid,BITHHVVYSMSWAG-UHFFFAOYSA-N
TG 52:6 ,0.878346937703934,3.53_889.67_3.52_868.76,56938180,1-tetradecanoyl-2-(9Z,12Z-octadecadienoyl)-3-(5Z,8Z,11Z,14Z-eicosatetraenoyl)-sn-glycerol,SSOSFUDNINFYLJ-KIYGNKBKSA-N
PEtOH 16:1_18:1 ,0.877775188214744,1.99_699.50,138263544,PEtOH 16:1_18:1,SQEHUBDFCCVGCJ-FRKBGCJLSA-N
PC P-38:5 or PC O-38:6 ,0.876675475245206,2.20_850.60,53479121,PC(20:4(8Z,11Z,14Z,17Z)/P-18:1(9Z)),ATTCDOPAYPGSLE-LQULQHAGSA-N
PC 35:2 ,0.87505796319251,2.29_830.59,52922491,1-heptadecanoyl-2-(9Z,12Z-octadecadienoyl)-sn-glycero-3-phosphocholine,ZSKWZJYUVZYDQU-WESJWMGVSA-N
SM d36:2 Isomer A,0.873838157918381,1.98_729.59_1.97_751.57,6443882,N-(9Z-octadecenoyl)-sphing-4-enine-1-phosphocholine,NBEADXWAAWCCDG-QDDWGVBQSA-N
PC 42:9 ,0.873227488351441,1.84_856.59,53479107,PC(20:4(8Z,11Z,14Z,17Z)/22:5(7Z,10Z,13Z,16Z,19Z)),FDDWZRUXIMATBC-WHMDNIGFSA-N
PC 42:6 Isomer A,0.87031795931953,2.27_862.63,52923651,PC(22:4(7Z,10Z,13Z,16Z)/20:2(11Z,14Z)),DSVRMAGYENFTLY-GDDYDVMSSA-N
PE O-40:8 ,0.866794280995183,2.21_772.53,138283942,[1-[2-aminoethoxy(hydroxy)phosphoryl]oxy-3-[(9Z,12Z)-octadeca-9,12-dienoxy]propan-2-yl] (4Z,7Z,10Z,13Z,16Z,19Z)-docosa-4,7,10,13,16,19-hexaenoate,VVEHXBSUSFPSAC-OJMLKDQNSA-N
FA 17:1,0.865356288543525,0.88_267.23,3014063,9-heptadecenoic acid,QSBYPNXLFMSGKH-UHFFFAOYSA-N
PC 33:1 Isomer B,0.861391032845054,2.25_804.58,24778662,1-pentadecanoyl-2-(11Z-octadecenoyl)-sn-glycero-3-phosphocholine,GXTATYLPYLLNLV-MGIDVFSBSA-N
5-HETE ,0.859844949049519,0.31_319.23,1771,5-Hete,KGIJOOYOSFUGPC-UHFFFAOYSA-N
FA 18:2+2O ,0.858405443460147,0.26_311.22,1928,9S-hydroperoxy-10E,12Z-octadecadienoic acid,JGUNZIWGNMQSBM-UHFFFAOYSA-N
Taurine,0.855727257219118,0.20_124.01,1123,2-aminoethanesulfonic acid,XOAAWQZATWQOTB-UHFFFAOYSA-N
PC P-40:7 or PC O-40:8 ,0.853859270148125,2.04_816.59,53480839,PC(P-18:1(9Z)/22:6(4Z,7Z,10Z,13Z,16Z,19Z)),PWAHARWXEAMNGK-VCDFOAEJSA-N
PI 18:1_22:6 ,0.851437644117362,1.69_907.53,75960351,[1-[Hydroxy-(2,3,4,5,6-pentahydroxycyclohexyl)oxyphosphoryl]oxy-3-octadec-9-enoyloxypropan-2-yl] docosa-4,7,10,13,16,19-hexaenoate,QHPDGSFYNQHVMI-UHFFFAOYSA-N
DG 34:1 ,0.850734002175975,2.65_633.49,5282283,1-Palmitoyl-2-oleoyl-sn-glycerol,YEJYLHKQOBOSCP-OZKTZCCCSA-N
TG 18:0_18:1_22:0 ,0.848110419528544,4.36_962.90,53874005,(3-Octadecanoyloxy-2-octadec-9-enoyloxypropyl) docosanoate,HFCKOGWQFCDRLW-UHFFFAOYSA-N
PI 18:0_20:2 ,0.847806644343487,2.25_889.58,75961260,[1-[Hydroxy-(2,3,4,5,6-pentahydroxycyclohexyl)oxyphosphoryl]oxy-3-octadecanoyloxypropan-2-yl] icosa-11,14-dienoate,RZFIPFIGUWXYNB-UHFFFAOYSA-N
PC 38:3 Isomer A,0.846265147647932,2.28_812.62,53478919,PC(20:2(11Z,14Z)/18:1(11Z)),KNNHXKQRTYEWCA-HYYWERRFSA-N
LPC 18:2 ,0.844433431897328,0.48_578.34,11005824,1-(9Z,12Z-octadecadienoyl)-sn-glycero-3-phosphocholine,SPJFYYJXNPEZDW-FTJOPAKQSA-N
PC O-40:5 ,0.843543159864863,2.52_880.64,24779339,[2-[(7E,10E,13E,16E,19E)-docosa-7,10,13,16,19-pentaenoyl]oxy-3-octadecoxypropyl] 2-(trimethylazaniumyl)ethyl phosphate,HJDYJUQFSIJNGA-MMLUMLTRSA-N
PC P-38:4 or PC O-38:5 Isomer C,0.842712617531543,2.48_852.61,53480761,PC(P-18:1(11Z)/20:3(8Z,11Z,14Z)),DBQMOXDLWKVKKG-REWQMPQJSA-N
PC P-38:3 or PC O-38:4,0.841259289682776,2.38_796.62,53480815,PC(P-18:1(9Z)/20:2(11Z,14Z)),GWBOVQHRCURSPU-QMFAPAEZSA-N
FA 20:3 (eicosatrienoic acid) ,0.837086692506426,0.94_305.25,5312529,11,14,17-Eicosatrienoic acid,AHANXAKGNAKFSK-PDBXOOCHSA-N
TG 48:1 ,0.834656924842947,3.85_843.70_3.85_827.71_3.85_822.77,9543986,1,2-dihexadecanoyl-3-(9Z-hexadecenoyl)-sn-glycerol,FEKLSEFRUGWUOS-DLOIZKPKSA-N
PE 38:4|PE 18:0_20:4,0.83434116496609,2.42_766.54,76042065,[1-[2-Aminoethoxy(hydroxy)phosphoryl]oxy-3-octadecanoyloxypropan-2-yl] icosa-8,11,14,17-tetraenoate,YEHAZLUVAZKVRO-UHFFFAOYSA-N
PE P-38:5 or PE O-38:6 ,0.833778028423495,2.17_750.54,53479831,PE(20:4(8Z,11Z,14Z,17Z)/P-18:1(9Z)),IQSPCSIULMCRPM-ZAJUHDLGSA-N
Cer d35:1 ,0.832764967798761,2.50_550.52,9985066,N-[(E,2S,3R)-1,3-dihydroxyheptadec-4-en-2-yl]octadecanamide,KGEXFGDEDXQZLQ-QKSCFGQVSA-N
Cer d42:3 ,0.831313561105774,2.88_704.62,163141710,N-(1,3-dihydroxyoctadeca-4,8-dien-2-yl)tetracos-11-enamide,KADBCXSPXAVXJL-UHFFFAOYSA-N
TG 44:0 ,0.828778321367836,3.69_768.71,14169768,1,3-Ditetradecanoyl-2-hexade-canoyl-glycerol,UXWDTZNNQVHGSG-UHFFFAOYSA-N
FA 18:3 (linolenic acid) ,0.822952029651409,0.60_277.22,5280934,LINOLENIC ACID,DTOSIQBPPRVQHS-PDBXOOCHSA-N
PE 38:4 ,0.820951494483626,2.29_768.56,46891781,2-ammonioethyl [(2R)-2-[(5Z,8Z,11Z,14Z)-1-oxoeicosa-5,8,11,14-tetraenoxy]-3-(1-oxooctadecoxy)propyl] phosphate,ANRKEHNWXKCXDB-BHFWLYLHSA-N
SM d42:2 Isomer B ,0.818921365822879,2.85_871.69,52931217,N-(tetracosanoyl)-4E,14Z-sphingadienine-1-phosphocholine,DACOGJMBYLZYDH-GXJPFUDISA-N
PE O-36:4 Isomer B,0.817189036215887,2.31_724.53,138139358,[1-[2-aminoethoxy(hydroxy)phosphoryl]oxy-3-[(9Z,12Z)-octadeca-9,12-dienoxy]propan-2-yl] (9Z,12Z)-octadeca-9,12-dienoate,CVFFRLVFXKZVIJ-MAZCIEHSSA-N
PS 40:5 ,0.815543148658368,2.06_836.54,76042794,2-Amino-3-[(2-docosa-7,10,13,16,19-pentaenoyloxy-3-octadecanoyloxypropoxy)-hydroxyphosphoryl]oxypropanoic acid,PZEFRSYCROBXSJ-UHFFFAOYSA-N
PI 38:4 ,0.814322790779829,1.97_885.55,42607491,PI(38:4),KRTOMQDUKGRFDJ-MWZLTEOLSA-N
SM d32:1 Isomer B,0.812912641284511,1.84_733.55,11433862,C14 Sphingomyelin,KYICBZWZQPCUMO-PSALXKTOSA-N
CAR 16:1,0.812739481708152,0.49_398.33,78076330,3-(1-oxohexadec-9-enoxy)-4-(trimethylammonio)butanoate,JFAGPSOZZSTLRF-UHFFFAOYSA-N
PC 38:4 Isomer C ,0.81110885195185,2.24_810.60_2.23_832.58,16219824,[(2R)-2-[(5Z,8Z,11Z,14Z)-1-oxoeicosa-5,8,11,14-tetraenoxy]-3-(1-oxooctadecoxy)propyl] 2-(trimethylammonio)ethyl phosphate,PSVRFUPOQYJOOZ-QNPWAGBNSA-N
CAR 20:1 ,0.807796954890686,1.03_454.39,71464507,(11Z)-eicoseneoylcarnitine,PVOQPLSKYNZHOT-SEYXRHQNSA-N
PC 40:5 Isomer A ,0.806703675566649,2.24_836.62_2.22_858.60,53479083,PC(20:4(8Z,11Z,14Z,17Z)/20:1(11Z)),IJTJDJOOHZVSAC-NDRUHXFFSA-N
PC 36:2 Isomer A,0.806660431814344,2.25_786.60,10350317,PC(18:1/18:1),SNKAWJBJQDLSFF-NVKMUCNASA-N
FA 22:4 ,0.806169349283432,1.03_331.26,5497181,(7Z,10Z,13Z,16Z)-Docosa-7,10,13,16-tetraenoic acid,TWSWSIQAPQLDBP-DOFZRALJSA-N
PS 18:0_22:6 ,0.805225924452845,1.97_834.53,75228707,2-Amino-3-[(2-docosa-4,7,10,13,16,19-hexaenoyloxy-3-octadecanoyloxypropoxy)-hydroxyphosphoryl]oxypropanoic acid,LYYHRRPTEXPVOR-UHFFFAOYSA-N
Cer d39:2 ,0.793338534020882,2.73_604.57,138318579,(Z)-N-[(E)-1,3-dihydroxypentadec-4-en-2-yl]tetracos-11-enamide,ZYPUFXIUMBJDCM-VNFREKOVSA-N
PS 16:0_22:4 ,0.790437434877686,2.04_810.53,138124235,2-amino-3-[[2-[(10Z,13Z,16Z,19Z)-docosa-10,13,16,19-tetraenoyl]oxy-3-hexadecanoyloxypropoxy]-hydroxyphosphoryl]oxypropanoic acid,BAGQGBPETWVHAA-BHYOAKPMSA-N
PC 38:5 Isomer B ,0.788811936877909,2.15_866.59,53479033,PC(20:4(5Z,8Z,11Z,14Z)/18:1(11Z)),YLWBKBDNHWQEFU-YJXJLLHLSA-N
PE O-38:2 ,0.787971725637979,3.03_756.59,138215641,[1-[2-aminoethoxy(hydroxy)phosphoryl]oxy-3-tetradecoxypropan-2-yl] (13Z,16Z)-tetracosa-13,16-dienoate,MXSLQGMWLWDDHB-YVCOGYDTSA-N
PI 36:5 ,0.784134141228232,1.64_855.50,75961205,[1-Hexadecanoyloxy-3-[hydroxy-(2,3,4,5,6-pentahydroxycyclohexyl)oxyphosphoryl]oxypropan-2-yl] icosa-5,8,11,14,17-pentaenoate,FQGSWQFJOVVRRB-UHFFFAOYSA-N
PC O-40:7 ,0.781908227554335,2.21_876.61,138215244,[2-[(4Z,7Z,10Z,13Z,16Z,19Z)-docosa-4,7,10,13,16,19-hexaenoyl]oxy-3-[(Z)-octadec-9-enoxy]propyl] 2-(trimethylazaniumyl)ethyl phosphate,MWJZGUPJPKCTCF-BGOAOESGSA-N
MGDG 34:3 ,0.781887568271119,2.01_797.53,74382274,[1-Hexadecanoyloxy-3-[3,4,5-trihydroxy-6-(hydroxymethyl)oxan-2-yl]oxypropan-2-yl] octadeca-9,12,15-trienoate,NAUNPPRXNUXMCK-UHFFFAOYSA-N
PC 35:1 Isomer B,0.780695100686066,2.48_832.61,52922679,1-(9Z-octadecenoyl)-2-heptadecanoyl-glycero-3-phosphocholine,MFHIZGSSDZJFKD-IYEJTHTFSA-N
PC 40:5 Isomer B ,0.779561790577095,2.38_894.62,52923133,PC(20:1(11Z)/20:4(5Z,8Z,11Z,14Z)),LJFKFKIYUJNFPZ-ZLFSCUDPSA-N
PC O-38:7 ,0.778335154994663,2.14_848.58,138205619,[2-[(4Z,7Z,10Z,13Z,16Z,19Z)-docosa-4,7,10,13,16,19-hexaenoyl]oxy-3-[(Z)-hexadec-9-enoxy]propyl] 2-(trimethylazaniumyl)ethyl phosphate,LSUUYCOJTDXYNX-AQISBKEKSA-N
PI 18:0_20:4 ,0.777631667082538,2.01_887.56,72280035,[1-[Hydroxy-(2,3,4,5,6-pentahydroxycyclohexyl)oxyphosphoryl]oxy-3-octadecanoyloxypropan-2-yl] icosa-5,8,11,14-tetraenoate,KRTOMQDUKGRFDJ-UHFFFAOYSA-N
Cer d41:2 ,0.775708135617817,2.96_692.62_2.97_632.60,138199486,(Z)-N-[(E)-1,3-dihydroxyheptadec-4-en-2-yl]tetracos-11-enamide,KZTBXGOBTULOIO-SZHIUZGGSA-N
LPC O-16:0 ,0.772147866739625,0.77_540.37,3983,1-O-Hexadecyl-lyso-sn-glycero-3-phosphocholine,VLBPIWYTPAXCFJ-UHFFFAOYSA-N
PC 20:1_20:1 ,0.771356190284542,2.70_842.66,24779063,1,2-di-[(11Z)-eicosenoyl]-sn-glycero-3-phosphocholine,AEUCYCQYAUFAKH-DITNKEBASA-N
PI 38:5,0.770262603478353,1.83_883.53,75961187,[1-[Hydroxy-(2,3,4,5,6-pentahydroxycyclohexyl)oxyphosphoryl]oxy-3-octadecanoyloxypropan-2-yl] icosa-5,8,11,14,17-pentaenoate,SUYDNPBYMBTSMM-UHFFFAOYSA-N
PC O-33:6 ,0.770004927675176,2.01_722.51,164494092,[3-nonoxy-2-[(6Z,9Z,12Z,15Z,18Z,21Z)-tetracosa-6,9,12,15,18,21-hexaenoyl]oxypropyl] 2-(trimethylazaniumyl)ethyl phosphate,YTUHEWRQCXCRCS-MSXCAIDTSA-N
PE 16:1_18:1 ,0.769029401849941,2.20_714.51,134735007,Phosphatidylethanolamine 16:1-18:1,HGDJXBPLHZFXGO-LBXGSASVSA-N
FA 18:2 (linoleic acid) ,0.767273567239289,0.79_279.23,5282796,9,11-Octadecadienoic acid,JBYXPOFIGCOSSB-XBLVEGMJSA-N
Phosphatidylethanolamine alkenyl 16:0-20:4 ,0.76582508695664,2.29_722.51,134760384,Phosphatidylethanolamine alkenyl 16:0-20:4,QDRJMAHGAQYRIN-PKKQLAOCSA-N
FA 20:4 (arachidonic acid) ,0.75168165707151,0.74_303.23,444899,Arachidonate,YZXBAPSDXZZRGB-DOFZRALJSA-N
PE P-36:5 or PE O-36:6 ,0.74779510149416,2.11_720.50,52925061,PE(P-16:0/20:5(5Z,8Z,11Z,14Z,17Z)),RLLOITCRNQRGJD-DFAKUSJGSA-N
PS 36:2 ,0.747635734051295,2.04_786.53,3451126,Phosphatidylserine (bovine),WTBFLCSPLLEDEM-UHFFFAOYSA-N
SM d32:1 Isomer A,0.740087627721362,1.75_675.54_1.75_697.52,11433862,C14 Sphingomyelin,KYICBZWZQPCUMO-PSALXKTOSA-N
PC O-16:0_20:4 ,0.735679714641986,2.15_812.58,53481701,PC(o-16:0/20:4(8Z,11Z,14Z,17Z)),SOUZQPFUXRVDGK-KCTKZSJBSA-N
GlcCer d40:1 ,0.735360973532558,2.91_818.63,6321359,C22 GlcCer,YIGARKIIFOHVPF-YAEABVQUSA-N
(Z)-9,12,13-trihydroxyoctadec-15-enoic acid ,0.732455421100416,0.23_329.23,24066906,(Z)-9,12,13-trihydroxy-15-octadecenoic acid,DNWUYCUUEGGVPR-CLTKARDFSA-N
SM d34:1 Isomer A,0.730891753017483,1.97_703.58,9939941,Palmitoyl sphingomyelin,RWKUXQNLWDTSLO-GWQJGLRPSA-N
PC 40:4 Isomer B,0.730187024270288,2.39_838.63,53479183,1-(13Z-docosenoyl)-2-(9Z,12Z,15Z-octadecatrienoyl)-sn-glycero-3-phosphocholine,FHUAYOMRHXZKHT-JUGJLYODSA-N
GlcADG 37:3 ,0.729077555641356,2.28_807.56,138275198,6-[2-heptadecanoyloxy-3-[(11Z,14Z,17Z)-icosa-11,14,17-trienoyl]oxypropoxy]-3,4,5-trihydroxyoxane-2-carboxylic acid,UTZWWDIWEOVCQN-JTBMWNAQSA-N
PE 36:2 ,0.724687351105199,2.44_742.54,6437392,Dioleoyl phosphatidylethanolamine,MWRBNPKJOOWZPW-CLFAGFIQSA-N
NAE 9:0,0.717601331002167,0.23_202.17,14455154,N-(2-hydroxyethyl)nonanamide,QWJKOSGGYVUJBP-UHFFFAOYSA-N
PE 38:2 ,0.716474686084257,2.68_770.57,9546827,[1-[2-aminoethoxy(hydroxy)phosphoryl]oxy-3-[(Z)-octadec-9-enoyl]oxypropan-2-yl] (Z)-icos-11-enoate,UITCASPZWUAJBW-HWSICPKZSA-N
LPE O-20:0 ,0.715717161054859,1.16_494.36,477869257,LPE O-20:0,PKPGKYPSMJMPGS-UHFFFAOYNA-N
PC 22:4 ,0.711391572421677,0.53_630.34,138159393,[3-acetyloxy-2-[(8Z,11Z,14Z,17Z)-icosa-8,11,14,17-tetraenoyl]oxypropyl] 2-(trimethylazaniumyl)ethyl phosphate,GFFACUDRMCKGID-ZKWNWVNESA-N
SM d36:4 ,0.708261901951556,1.97_725.56,138162742,[(4E,8E,12E)-3-hydroxy-2-[[(Z)-tetradec-9-enoyl]amino]docosa-4,8,12-trienyl] 2-(trimethylazaniumyl)ethyl phosphate,GPOGSMIDYBSWAT-UDBQMCEJSA-N
TG 51:1 Isomer B ,0.708064342463854,4.05_885.74_4.05_864.81,9544006,1,2-diheptadecanoyl-3-(9Z-heptadecenoyl)-sn-glycerol,OZAXLAGNPZMZAD-BOEMPQCLSA-N
PI 38:5 ,0.707521337815578,1.88_907.53,138154940,[1-[hydroxy-(2,3,4,5,6-pentahydroxycyclohexyl)oxyphosphoryl]oxy-3-[(Z)-tetradec-9-enoyl]oxypropan-2-yl] (12Z,15Z,18Z,21Z)-tetracosa-12,15,18,21-tetraenoate,FRECHIGMANZWMF-REJVNYKHSA-N
PI 34:2 ,0.705026339231906,1.87_852.56,138160318,[1-[hydroxy-(2,3,4,5,6-pentahydroxycyclohexyl)oxyphosphoryl]oxy-3-octanoyloxypropan-2-yl] (15Z,18Z)-hexacosa-15,18-dienoate,GIASXRZRWQSUOZ-QGLGPCELSA-N
PE P-36:4 or PE O-36:5 ,0.704824620451769,2.16_724.53,53480870,PE(P-18:1(11Z)/18:3(6Z,9Z,12Z)),ADWDFBQPQIEGRZ-XBICFDGKSA-N
PC P-38:3 or PC O-38:4 ,0.701437693483079,2.53_854.63,53480815,PC(P-18:1(9Z)/20:2(11Z,14Z)),GWBOVQHRCURSPU-QMFAPAEZSA-N
PC 37:3 ,0.699458129554122,2.17_798.60,52922851,1-(9Z,12Z,15Z-octadecatrienoyl)-2-nonadecanoyl-glycero-3-phosphocholine,OOYQEEUUQRMQKL-JUUDQZDJSA-N
PE O-18:2_18:2 ,0.696789371283404,2.19_726.54,138139358,[1-[2-aminoethoxy(hydroxy)phosphoryl]oxy-3-[(9Z,12Z)-octadeca-9,12-dienoxy]propan-2-yl] (9Z,12Z)-octadeca-9,12-dienoate,CVFFRLVFXKZVIJ-MAZCIEHSSA-N
Cer d34:1 Isomer B,0.694416253443012,2.37_572.48_2.37_582.51_2.37_596.53,5283564,N-Palmitoylsphingosine,YDNKGFDKKRUKPY-TURZORIXSA-N
PE O-40:5 Isomer B ,0.680469885500476,2.71_778.57,134734287,Phosphatidylethanolamine alkenyl 18:0-22:4,GZMXKUALKXYCMM-XSEHFSNESA-N
PC 40:4 Isomer C,0.674925429446382,2.55_896.64,52923573,PC(22:2(13Z,16Z)/18:2(9Z,12Z)),QQIYXJBHMDYXHH-NMUBDWGHSA-N
CAR 18:0 Isomer A ,0.667034356935182,0.99_428.37,52922056,Stearoylcarnitine,FNPHNLNTJNMAEE-HSZRJFAPSA-N
PC 29:0 ,0.664681582239999,1.86_692.53,138165033,(3-Acetyloxy-2-heptacosanoyloxypropyl) 2-(trimethylazaniumyl)ethyl phosphate,GWWAIYISJPUKIW-UHFFFAOYSA-N
SM d31:1 ,0.660196176076122,1.65_661.52,134729785,N-(heptadecanoyl)-4E-tetradecasphingenine-1-phosphocholine,FJYURYAFGRADQP-WSYRTZMQSA-N
PC 36:2 Isomer B,0.653628317557206,2.40_844.61,10350317,PC(18:1/18:1),SNKAWJBJQDLSFF-NVKMUCNASA-N
PC 24:0|PC 10:0_14:0,0.652364075925627,1.44_680.45,24778525,(3-Decanoyloxy-2-tetradecanoyloxypropyl) 2-(trimethylazaniumyl)ethyl phosphate,BQAGEKPOHNCEPX-UHFFFAOYSA-N
PEtOH 18:1_18:1 ,0.650176324701613,2.19_727.53,10283746,PEtOH 18:1_18:1,JSNRLDUOKDFFEU-WRBBJXAJSA-N
PS 38:5|PS 18:0_20:5,0.64984612093664,1.89_808.51,75958909,2-Amino-3-[hydroxy-(2-icosa-5,8,11,14,17-pentaenoyloxy-3-octadecanoyloxypropoxy)phosphoryl]oxypropanoic acid,DERBZMCOPJTRSZ-UHFFFAOYSA-N
TG 46:1 ,0.648886063416555,3.70_794.71,11764207,1,2-Dimyristoyl-3-oleoyl glycerol,RSDIQTNCDWUNDP-VHXPQNKSSA-N
CoQ10,0.626312619667326,3.44_863.70,1156,Ubisemiquinone,ACTIUHUUMQJHFO-UHFFFAOYSA-N
Cer 34:1;O2|Cer 14:1;O2/20:0,0.625658181290275,2.37_536.50,85396172,N-(1,3-dihydroxytetradec-4-en-2-yl)icosanamide,DLTXHYMYPKOZOA-UHFFFAOYSA-N
TG 48:2 ,0.621494286563479,3.69_825.69_3.74_820.74,9543987,TG(16:0/16:1(9Z)/16:1(9Z))[iso3],RUOVJPPUXXFZPC-YZEIBMOJSA-N
TG 53:1 ,0.612474327427596,4.21_892.84,9544081,1-(9Z-heptadecenoyl)-2,3-dioctadecanoyl-sn-glycerol,WWJIBIGWKGFVAQ-JNSYTQKUSA-N
FA 25:0 ,0.609559156284602,2.21_381.37,10468,pentacosanoic acid,MWMPEAHGUXCSMY-UHFFFAOYSA-N
Cer 22:0;2O/26:0 ,0.588784853465444,3.15_734.74,132994873,N-(1,3-dihydroxydocosan-2-yl)hexacosanamide,RWONAHGWHDKVBG-UHFFFAOYSA-N
TG 8:0_10:0_18:1 ,0.57745517659955,2.75_654.56,164466143,(2-decanoyloxy-3-octanoyloxypropyl) (Z)-octadec-9-enoate,WRHBANXXQKCUJB-HNENSFHCSA-N
13-HODE ,0.5636306535957,0.33_295.23,5282948,(9E,11E)-13-hydroxyoctadeca-9,11-dienoic acid,HNICUWMFWZBIFP-KDFHGORWSA-N
Cholesterol ,0.541758730880448,1.89_369.35,5997,(3S,8S,9S,10R,13R,14S,17R)-10,13-dimethyl-17-[(2R)-6-methylheptan-2-yl]-2,3,4,7,8,9,11,12,14,15,16,17-dodecahydro-1H-cyclopenta[a]phenanthren-3-ol,HVYWMOMLDIMFJA-DPAQBDIFSA-N
PC 16:0/9:0 CHO ,0.541280797163485,0.99_650.44,46907874,1-Palmitoyl-2-(9-oxo-nonanoyl)-sn-glycero-3-phosphocholine,PPTNNIINSOQWCE-WJOKGBTCSA-N
GlcCer d38:1 ,0.537714513473373,2.67_790.60_2.67_814.64,20057356,beta-D-glucosyl-N-eicosanoylsphingosine,DFELABABMXOKTD-IYFIADHGSA-N
FAHFA 26:0 ,0.517805552214732,1.58_425.36,88765616,2-Tetracosanoyloxyacetic acid,OBPRTZBYYWWRGJ-UHFFFAOYSA-N
Cer d46:1 ,0.51349667680097,3.25_732.73,145714838,N-(octacosanoyl)-4E-eicosasphingenine,CZDSGZAXVMEXFM-NJLCVJHMSA-N
SM d32:2 ,0.511876018218879,1.67_731.53,52931131,N-(tetradecanoyl)-4E,14Z-sphingadienine-1-phosphocholine,PEJGMBUENJSLLH-RHAKMSQVSA-N
TG 48:0 ,0.491280873840774,3.99_824.76,11147,Tripalmitin,PVNIQBQSYATKKL-UHFFFAOYSA-N
CAR 17:0,0.489890865598153,0.80_414.36,53477803,Heptadecanoyl carnitine,DWSFAVOTORHAAL-UHFFFAOYSA-N
PE 16:0_16::1 ,0.48197184593224,2.18_688.49,71627297,[3-[2-aminoethoxy(hydroxy)phosphoryl]oxy-2-[(Z)-hexadec-9-enoyl]oxypropyl] hexadecanoate,CZOSTDZGCCEZTJ-PEZBUJJGSA-N
PE 18:0_22:3 ,0.470070756997775,2.77_796.59,134768112,Phosphatidylethanolamine 18:0-22:3,SUKSMPBISVBNOS-SDJUKWJGSA-N
FA 24:0(2OH),0.461642001445133,1.47_383.35,102430,2-Hydroxytetracosanoic acid,MSUOLNSQHLHDAS-UHFFFAOYSA-N
TG 14:0_16:0_17:1 ,0.433117139636785,3.77_808.75,56938013,1-tetradecanoyl-2-hexadecanoyl-3-(9Z-heptadecenoyl)-sn-glycerol,PGYNJJCWPCAGLG-BDUYNUQCSA-N
TG 42:0 ,0.428153937255613,3.51_761.60,11148,Trimyristin,DUXYWXYOBMKGIN-UHFFFAOYSA-N
PC 26:0|PC 10:0_16:0,0.404411944673973,1.58_650.48,138277677,(3-Decanoyloxy-2-hexadecanoyloxypropyl) 2-(trimethylazaniumyl)ethyl phosphate,VBWSYJOSSOZQOH-UHFFFAOYSA-N
SM d30:1 ,0.398647014288693,1.54_647.51,44260123,N-(dodecanoyl)-sphing-4-enine-1-phosphocholine,HZCLJRFPXMKWHR-FEBLJDHQSA-N
PEtOH 16:0_20:4 ,0.398576655698122,1.90_723.50,138247565,PEtOH 16:0_20:4,QTIJJMLOUMWMQQ-BUPHOURSSA-N
CAR 15:0,0.390176902811055,0.54_386.33,123132011,C15 Carnitine,MDDWQHVKSHTZTD-UHFFFAOYSA-N
PC 24:0 ,0.340237702693323,1.39_622.45,65262,Dilaurylphosphatidylcholine,IJFVSSZAOYLHEE-UHFFFAOYSA-N
FA 18:1 (oleic acid) ,0.330892905026476,1.06_281.25,445639,Emersol 220 White Oleate,ZQPPMHVWECSIRJ-KTKRTIGZSA-N
TG 49:0 ,0.329125070734959,4.05_838.79,9543988,1,2-Dihexadecanoyl-3-heptadecanoyl-sn-glycerol,TTWJTJMWHOYBPQ-ANFMRNGASA-N
CAR 12:0 ,0.286060013374575,0.30_344.28,168381,(3R)-3-(1-oxododecoxy)-4-(trimethylammonio)butanoate,FUJLYHJROOYKRA-QGZVFWFLSA-N
FA 30:0 ,0.272615857132213,2.93_451.45,10471,Triacontanoic acid,VHOCUJPBKOZGJD-UHFFFAOYSA-N
FA 22:1 (erucic acid) ,0.236099413446672,1.58_337.31,5281116,Erucic Acid,DPUOLQHDNGRHBS-KTKRTIGZSA-N
TG 46:2 ,0.181699330189077,3.58_792.71,56936582,1-tetradecanoyl-2,3-di-(9Z-hexadecenoyl)-sn-glycerol,XUEMVUXNOCIHLG-MOFPORNTSA-N
SM 41:3;3O ,0.156700724633484,3.55_813.64,164358775,[(8E,12E,16E)-3,4-dihydroxy-2-(tricosanoylamino)octadeca-8,12,16-trienyl] 2-(trimethylazaniumyl)ethyl phosphate,NVRRDYIOAREJKE-SLOFWGFHSA-N
FAHFA 38:4 ,0,1.06_585.49,138276051,Fahfa 18:1/20:3,UWSSQGYIAHOMJM-OMCRSCLLSA-N
HexCer 32:0;O2,0,1.88_674.56,22178811,HexCer 18:0;2O/14:0,SCBSLJVBXYHZPZ-UHFFFAOYSA-N
NAE 4:0,0,0.19_132.10,252506,N-(2-Hydroxyethyl)butyramide,ZWHVMTQUUANYQJ-UHFFFAOYSA-N
PC 21:4 ,0,0.53_572.34,138298680,[2-[(6Z,9Z,12Z,15Z)-octadeca-6,9,12,15-tetraenoyl]oxy-3-propanoyloxypropyl] 2-(trimethylazaniumyl)ethyl phosphate,XOZKRFBVCYMGKM-GKFVBPDJSA-N
PC 38:4 Isomer A ,0,2.10_810.60,16219824,[(2R)-2-[(5Z,8Z,11Z,14Z)-1-oxoeicosa-5,8,11,14-tetraenoxy]-3-(1-oxooctadecoxy)propyl] 2-(trimethylammonio)ethyl phosphate,PSVRFUPOQYJOOZ-QNPWAGBNSA-N
PC 38:8 ,0,1.79_802.53,138163135,[2-[(4Z,7Z,10Z,13Z,16Z,19Z)-docosa-4,7,10,13,16,19-hexaenoyl]oxy-3-[(9Z,12Z)-hexadeca-9,12-dienoyl]oxypropyl] 2-(trimethylazaniumyl)ethyl phosphate,GQTMDGAVIYVIDL-RVTNGMKESA-N
PC 42:5 ,0,2.43_864.65,52923591,PC(22:2(13Z,16Z)/20:3(8Z,11Z,14Z)),APYSSUSAYQRESE-VZWUYPTESA-N
PC O-29:0,0,2.00_678.54,164505567,(2-Henicosanoyloxy-3-octoxypropyl) 2-(trimethylazaniumyl)ethyl phosphate,ZQGOFPZFTPJOJU-UHFFFAOYSA-N
PC O-30:0|PC O-14:0_16:0,0,2.14_692.56,24779276,(2-Hexadecanoyloxy-3-tetradecoxypropyl) 2-(trimethylazaniumyl)ethyl phosphate,BYMZZQJJOHDZOU-UHFFFAOYSA-N
PC O-37:5 ,0,2.25_780.59,138124242,[2-[(9Z,12Z)-heptadeca-9,12-dienoyl]oxy-3-[(11Z,14Z,17Z)-icosa-11,14,17-trienoxy]propyl] 2-(trimethylazaniumyl)ethyl phosphate,BAGTZVRZMJNFDH-MJXYYAAPSA-N
PE 38:6 ,0,1.99_764.53,52924893,PE(18:2(9Z,12Z)/20:4(5Z,8Z,11Z,14Z)),LFGBKOUQHCWBQI-BZGLIJSBSA-N
PE 38:7|PE 18:2_20:5 Isomer A,0,1.76_762.52,75957373,[1-[2-Aminoethoxy(hydroxy)phosphoryl]oxy-3-octadeca-9,12-dienoyloxypropan-2-yl] icosa-5,8,11,14,17-pentaenoate,AJTJVNKPLZTLHV-UHFFFAOYSA-N
PE O-18:2_22:6 ,0,2.05_774.55,138283942,[1-[2-aminoethoxy(hydroxy)phosphoryl]oxy-3-[(9Z,12Z)-octadeca-9,12-dienoxy]propan-2-yl] (4Z,7Z,10Z,13Z,16Z,19Z)-docosa-4,7,10,13,16,19-hexaenoate,VVEHXBSUSFPSAC-OJMLKDQNSA-N
PE-O 18:1_22:6 ,0,2.30_776.57,74819122,[1-[2-Aminoethoxy(hydroxy)phosphoryl]oxy-3-octadec-1-enoxypropan-2-yl] docosa-4,7,10,13,16,19-hexaenoate,FIJFPUAJUDAZEY-UHFFFAOYSA-N
SM d34:2 ,0,1.79_701.56,52931235,N-(hexadecanoyl)-4E,14Z-sphingadienine-1-phosphocholine,YLWSJLLZUHSIEA-CKSUKHGVSA-N
SM d38:2 Isomer A,0,2.20_757.62,52931179,N-(11Z-eicosenoyl)-sphing-4-enine-1-phosphocholine,MDRFMTLYKHBJTF-NQYLGBTJSA-N
TG 16:2_18:2_18:3 ,0,3.42_866.73,165216290,[1-[(9Z,12Z)-hexadeca-9,12-dienoyl]oxy-3-[(9Z,12Z,15Z)-octadeca-9,12,15-trienoyl]oxypropan-2-yl] (9Z,12Z)-octadeca-9,12-dienoate,GLZHPWPMVDTTOB-HHDDAWPXSA-N
TG 46:0 ,0,3.85_796.75,4099879,1,2-Dipalmitoyl-3-myristoyl-rac-glycerol,JWVXCFSNEOMSHH-UHFFFAOYSA-N
TG 50:3 Isomer A ,0,3.71_867.68,25240357,TG(16:1(9Z)/16:1(9Z)/18:1(9Z))[iso3],UFHNZOACKFBCOM-YXKNDSBASA-N
TG 50:4 ,0,3.58_844.76,25240359,TG(16:1(9Z)/16:1(9Z)/18:2(9Z,12Z))[iso3],PVMBAGXWHHZKFP-JMPJWMFJSA-N
TG 52:3 ,0,3.85_895.72,56938177,1-tetradecanoyl-2-(9Z,12Z-octadecadienoyl)-3-(11Z-eicosenoyl)-sn-glycerol,DQXQIWIQYYEGLG-MMWLGPPDSA-N
TG 52:4 ,0,3.72_893.70,25240364,TG(16:1(9Z)/18:1(9Z)/18:2(9Z,12Z))[iso6],WHSWXEYWNPTUPW-HNJDVRDNSA-N
TG 52:5 ,0,3.57_891.69,25240366,TG(16:1(9Z)/18:2(9Z,12Z)/18:2(9Z,12Z))[iso3],CQZAAIKPSLHIBC-KDJOUNIJSA-N
TG 53:4 ,0,3.82_886.79,9544152,1-(9Z,12Z-heptadecadienoyl)-2,3-di-(9Z-octadecenoyl)-sn-glycerol,BMSDHYZLQWTKSQ-LSJAAEOESA-N
TG 53:6 ,0,3.61_882.75,138152411,[1-[(Z)-heptadec-7-enoyl]oxy-3-[(11Z,13Z,15Z)-octadeca-11,13,15-trienoyl]oxypropan-2-yl] (10Z,12Z)-octadeca-10,12-dienoate,FJGQAOZVLVTFLT-HGQZSUFJSA-N
TG 54:5|TG 18:1_18:2_18:2,0,3.71_898.78,4123012,9-octadecenoic acid 2,3-bis(1-oxooctadeca-9,12-dienoxy)propyl ester,VVEBTVMJPTZDHO-UHFFFAOYSA-N
TG 55:7 ,0,3.64_908.78,131754375,1-Pentadecanoyl-2-vaccenoyl-3-docosahexaenoyl-glycerol,RBBGBIMRJNLGIC-AOEVTFCNSA-N
TG 56:6 ,0,3.78_924.80,9544625,TG(18:2(9Z,12Z)/18:2(9Z,12Z)/20:2(11Z,14Z))[iso3],ZTNDRFCABXFVMY-WJTCTALZSA-N
TG 56:7 Isomer B ,0,3.71_943.71,9544695,1,2-di-(9Z,12Z-octadecadienoyl)-3-(8Z,11Z,14Z-eicosatrienoyl)-sn-glycerol,DODZUDCYRVWEOJ-GKZBLMSTSA-N
TG 64:1 ,0,4.43_1047.01,132979969,[2-docosanoyloxy-3-[(Z)-octadec-9-enoyl]oxypropyl] tetracosanoate,KVOXCTRWVFVTEO-SPKJYZRXSA-N
arachidonoylthiophosphorylcholine ,0,2.39_784.57,53394300,1-Hexadecyl-2-arachidonoylthio-2-deoxyglycero-3-phosphorylcholine,YDSCLGYBUIDZNF-UHFFFAOYSA-N
